category,title,content,img,url
100,"김기현 ""'울산시장 선거개입'에 사과 한마디 없는 文…철면피""","공작의 몸통에 대한 신속하고 철저한 수사를 다시 한번 촉구한다""고 덧붙였다.김 대표는 전날 최고위원회의에서 ""이 모든 배후에는 자신의 30년 지기를 당선시키는 것이 평생소원이라고 한 문 전 대통령이 있다고 보는 게 지극히 당연한 상식""이라며 ""문재인 전 대통령에 대해서도 성역 없는 수사를 해서 법적 책임을 물어야 한다""고 강조했다.김 대표가 언급한 '문 전 대통령의 30년 지기' 송철호 전 울산시장은 29일 1심 판결에서 징역 3년을 선고받았다.","https://imgnews.pstatic.net/image/015/2023/12/01/0004920611_001_20231201130301014.jpg?type=w647,https://imgnews.pstatic.net/image/448/2023/12/01/2023120190076_0_20231201120101533.jpg?type=w647,https://imgnews.pstatic.net/image/448/2023/12/01/2023120190076_1_20231201120101536.jpg?type=w647,https://imgnews.pstatic.net/image/001/2023/12/01/PYH2023112502140005700_P4_20231201114623537.jpg?type=w647","https://n.news.naver.com/mnews/article/015/0004920611?sid=100,https://n.news.naver.com/mnews/article/448/0000438465?sid=100,https://n.news.naver.com/mnews/article/001/0014365866?sid=100"
100,"이동관, 방통위 정상화 위한 '사의 표명'… 尹, 수리 고심 중(종합)","윤석열 대통령은 사의 수리 여부를 고심 중인 것으로 전해졌다.이 위원장은 자신에 대한 탄핵소추안 국회 처리를 앞두고 이날 사의를 표명했다.
탄핵소추안이 의결되면 헌법재판소 판단이 내려지기까지 최장 180일간 업무가 정지될 수 있다.민주당은 이 위원장의 사표를 국회의 탄핵 절차 방해로 규정하고, 윤 대통령에게 사표를 수리하지 말 것을 요구했다.
홍익표 민주당 원내대표는 최고위원회의에서 ""이 위원장의 사의 표명은 탄핵을 회피하려는 꼼수""라며 ""대통령이 (이를) 수리하는 것은 현재 국회가 헌법적 절차를 진행하고 있는 것에 대한 명백한 방해 행위가 될 것이기 때문에, 대통령은 이 위원장 사표를 수리하지 말고 국회 탄핵 절차가 마무리될 수 있도록 해달라""고 요구했다.이 위원장과 무관하게 손준성·이정섭 두 검사에 대한 탄핵 절차는 오후 본회의에서 진행할 것으로 보인다.","https://imgnews.pstatic.net/image/277/2023/12/01/0005348928_001_20231201112604649.jpg?type=w647,https://imgnews.pstatic.net/image/277/2023/12/01/0005348928_002_20231201112604674.jpg?type=w647,https://imgnews.pstatic.net/image/277/2023/12/01/0005348857_001_20231201103001732.jpg?type=w647","https://n.news.naver.com/mnews/article/277/0005348928?sid=100,https://n.news.naver.com/mnews/article/277/0005348857?sid=100"
100,"'이재명 오른팔' 김용 5년 선고에 與 “李, 개딸 뒤에 숨지 마라”",이 사무총장은 “김 전 부원장은 이 대표가 경기도지사 재임 당시 뜻을 함께 하는 벗이자 분신과도 같은 사람이라고 말한 최측근 인사”라며 “다수 국민이 짐작했던 대로 법원 판단은 유죄였다”고 했다.,"https://imgnews.pstatic.net/image/018/2023/12/01/0005630374_001_20231201102901046.jpg?type=w647,https://imgnews.pstatic.net/image/421/2023/12/01/0007209515_001_20231201090401466.jpg?type=w647","https://n.news.naver.com/mnews/article/018/0005630374?sid=100,https://n.news.naver.com/mnews/article/421/0007209515?sid=100"
100,"여 ""탄핵 중독"" vs 야 ""이동관 사의 꼼수""…탄핵안 대치",".네, 국회입니다.오늘 오후 3시에 국회 본회의가 예정돼 있습니다.민주당은 절차대로, 어제 본회의에서 보고된 이동관 방송통신위원장과 검사 2명에 대한 탄핵안을 오늘 본회의에서 처리하겠다는 계획이었습니다.그런데 오늘 오전 이동관 방송통신위원장이 사의를 표명했다는 소식이 알려졌습니다.더불어민주당에선 즉각 '탄핵을 피하기 위한 꼼수 사퇴'라는 비판이 쏟아졌습니다.민주당 홍익표 원내대표는 ""대통령이 사표를 수리하는 건 현재 국회가 헌법적 절차를 진행하고 있는 것에 대한 명백한 방해 행위""라고 규정했습니다.고민정 최고위원도 '탄핵을 회피하고 방송장악을 완료하려는 것이냐'며 대통령이 재가하면 안 된다고 주장했습니다.이런 가운데 검사 2명에 대한 탄핵안은 예정대로 본회의 표결에 부쳐질 전망입니다.국민의힘은 민주당이 '근거 없는 탄핵을 하고 있다', '탄핵 중독에 빠졌다'고 비판해왔는데요.국민의힘은 어젯밤부터 국회 본관 로텐더홀에서 철야 농성을 벌였는데, 김기현 대표는 오전 비상 의원총회에서 '민주당이 다수당의 정치적 폭거를 계속해오고 있다'고 규탄했습니다.전주혜 원내대변인은 김진표 국회의장이 친정인 민주당 편을 들어 본회의 일정을 잡는 바람에 이 위원장이 사퇴를 선택했다며, 김 의장의 사퇴를 촉구했습니다.이처럼 탄핵안을 둘러싼 여야의 강대강 대결이 이어지면서 내년도 예산안은 법정 처리시한인 내일(2일)을 넘겨 올해 역시 시한을 못 지킬 것으로 보입니다.",,"https://n.news.naver.com/mnews/article/422/0000632238?sid=100,https://n.news.naver.com/mnews/article/422/0000632232?sid=100"
100,엑스포 실패에 입 연 이재명 “장난하듯 접근해…참 나쁜 짓”,요약 실패,"https://imgnews.pstatic.net/image/088/2023/12/01/0000849171_001_20231201133504864.jpg?type=w647,https://imgnews.pstatic.net/image/001/2023/12/01/PYH2023120103890001300_P4_20231201103210648.jpg?type=w647","https://n.news.naver.com/mnews/article/088/0000849171?sid=100,https://n.news.naver.com/mnews/article/001/0014365610?sid=100"
100,"'여장군' 김주애, 가죽 롱코트 입고 김정은과 동행…4대 세습 본격화하나","김정은은 ""아무리 적이 기술적 우세를 자랑해도 우리 비행사들의 정치 사상적 우월성을 압도할 수 없다""고 말했다.김정은은 공군팀과 해군팀의 배구 경기와 공군협주단 공연을 관람하고 항공절 경축 연회에도 참석했다.","https://imgnews.pstatic.net/image/088/2023/12/01/0000849148_001_20231201113101198.jpg?type=w647,https://imgnews.pstatic.net/image/023/2023/12/01/0003802424_001_20231201103101046.jpg?type=w647,https://imgnews.pstatic.net/image/023/2023/12/01/0003802424_002_20231201103101102.JPG?type=w647","https://n.news.naver.com/mnews/article/088/0000849148?sid=100,https://n.news.naver.com/mnews/article/023/0003802424?sid=100"
100,北 '김주애 부각'하려고 위험 각오..김일성이 숨긴 ‘비장의 ’ 공개했다,"공개 전에 컬러로 가공한 것으로 보이는 에는 김일성 주석과 11세 아들 김정일, 7세 딸 김경희가 있다.","https://imgnews.pstatic.net/image/014/2023/12/01/0005108786_001_20231201094902126.jpg?type=w647,https://imgnews.pstatic.net/image/366/2023/12/01/0000951758_001_20231201095401400.jpg?type=w647","https://n.news.naver.com/mnews/article/014/0005108786?sid=100,https://n.news.naver.com/mnews/article/366/0000951758?sid=100"
100,1100억짜리 스텔스기의 굴욕?…독수리 충돌에 수리비가 무려,"조종사는 서해 해안선을 따라 공군 서산기지로 접근해 활주로에 동체 착륙했고, 다행히 인명피해는 없었다.사고 직후 겉으로는 손상이 심하지 않은 것으로 보였으나, 정밀 조사 결과는 달랐다.","https://imgnews.pstatic.net/image/009/2023/12/01/0005223667_001_20231201131500993.jpg?type=w647,https://imgnews.pstatic.net/image/016/2023/12/01/20231201000411_0_20231201123201618.jpg?type=w647","https://n.news.naver.com/mnews/article/009/0005223667?sid=100,https://n.news.naver.com/mnews/article/016/0002232990?sid=100"
100,"국민의힘, ‘강제북송 중단촉구 결의안’ 기권 의원들에 “북한 정권에 공감했나”","탈북 외교관 출신인 태영호 의원도 ""어제 기권한 의원들의 면면을 보면 인권 활동가 출신, 약자와 인권을 위해 활동한다는 단체 출신, 약자의 이익을 도모한다는 정당 출신""이라며 ""왜 북한 인권 문제만 나오면 중국과 북한 김정은 정권의 심기부터 살피는지 묻고 싶다""고 지적했습니다.",https://imgnews.pstatic.net/image/056/2023/12/01/0011613504_001_20231201131804748.jpg?type=w647,https://n.news.naver.com/mnews/article/056/0011613504?sid=100
100," 김용민 ""여당·보수언론 뜨끔했나…'계엄'에 왜 이리 민감?""","이거 어떻게 보십니까?▶김용민 : 글쎄요, 결론적으로 저는 항소심 남아 있으니까 조금 더 판결을 지켜봐야 된다는 입장이기는 한데요.
그래서 그 진술증거의 신빙성을 판단하는 것은 판사들마다 법관마다 다 다르게 볼 수 있는 영역이라서 그 부분은 항소심에서 다시 충분히 다퉈볼 만한 사안이다 저는 일단 그렇게 보고 있습니다.▷김태현 : 그런데 의원님, 법적으로야 무죄추정의 원칙이 있고 아직 항소심, 또 이건 대법원까지 갈 것이니까 확정된 것은 아닌데요.
아까도 말씀드린 것처럼 아직 1심 판결이고, 유동규 진술의 신빙성에 대해서는 이재명 대표 재판이나 다른 재판에서도 여전히 다퉈지고 있는 사안이라서 여기에 대해서 쉽게 언급하기는 쉽지는 않을 것 같다는 생각은 일단 들어요.
저는 오히려 반대로 지금 우리 윤 대통령의 장모께서,▷김태현 : 확정됐잖아요.▶김용민 : 실형 선고됐고 확정됐는데 거기에 대해서 사과를 안 하셨어요.
그래서 그런 것들이 먼저 질문이 돼야 되는 것 아닐까라는 생각도 살짝 해 봅니다.▷김태현 : 그런데 의원님, 조금 다른 거 아니에요?
이것은 어쨌든 대선 경선캠프에서 있었던 일인데 경선캠프 최고책임자는 후보잖아요.▶김용민 : 아니, 윤석열 대통령이 상관없지 않은 게 후보 시절에 우리 장모는 누구한테 십원 한 장 피해 주지 않았다라고 허위진술을 해버린 거예요.▷김태현 : 그래요?▶김용민 : 이거는 어떻게 보면 선거법 위반의 논란이 있는 거거든요.
그러니까 대통령도 사실은 선거법 위반의 논란이 바로 될 수 있는 중요한 사안이었단 말이지요.▷김태현 : 그런데 의원님, 제가 보니까 그 문제는 당시에 윤석열 후보가 직접 얘기한 게 아니라 정진석 의원이 내가 들었다 이렇게 전언으로 전하고 나중에 철회한 부분이어서요.▶김용민 : 아, 그렇습니까?▷김태현 : 네.▶김용민 : 제가 알기로는 그 뒤로도 윤석열 당시 후보가 했다라는 것들은 계속 여기저기서 언론에 나왔던 걸로 기억해서요.
아무튼 말씀하신 취지는 우리 이재명 당대표가 어떤 정치적인 책임을 져야 되는 것 아니냐라는 말씀이신 것 같은데요.▷김태현 : 뭔가 거기에 대한 언급이나 이런 부분도 있어야 되지 않을까 해서요.▶김용민 : 글쎄요.
자기한테 불리한 진술을 강요하기 어려운 상황이다 저는 이렇게 보고 있어요.▷김태현 : 그런데 의원님, 어쨌든 지금 이재명 대표는 계속 재판받으러 다녀야 되잖아요.▶김용민 : 그렇지요.▷김태현 : 거기에다가 어쨌든 재판부는 다르지만 유동규 전 본부장의 진술의 신빙성을 현 재판부는 인정해 버려서요.
당에서 중지를 모아서 결단해야 된다."" 이런 얘기를 어제 하셨는데 어떻게 보십니까?▶김용민 : 저도 듣기는 했는데요.
당에 애정을 갖고 좋은 조언들을 해 주셨으면 좋겠지 이렇게 당을 흔드는 것처럼 말씀하시는 것은 지금 좀 부적절하지 않을까 이런 생각이 먼저 들어요.▷김태현 : 흔드는 발언이다?▶김용민 : 네.
물론 선거 때 당대표의 역할이 굉장히 중요하기는 하지만 재판을 받으러 다니기 때문에 선거를 우리가 치르기 어렵다, 못한다 이렇게 볼 사안은 아니라고 보고요.
총선이고 어디고 다 계속 불편하게 만들려고 저렇게 했구나라고 판단하실 분들이 저는 굉장히 많을 거라고 생각합니다.▷김태현 : 알겠습니다.
""22대 총선에서 조금만 여당에게 유리한 결과가 나와도 계엄을 선포하고 독재를 강화하려고 할 것입니다."" 나중에 진짜 내년에 국민의힘이 과반을 획득하면 윤석열 대통령이 계엄을 선포할 것이다 이렇게 보시는 건가요?▶김용민 : 저는 충분히 가능하다고 봅니다.▷김태현 : 그래요?
굉장히 일관된 어떤 힘의 논리로 가고 있거든요.▷김태현 : 의원님, 그런데 이태원 참사는 사고가 난 거고, 이 계엄이라는 것은 군을 동원하는 건데요.▶김용민 : 그렇지요.▷김태현 : 이게 뭐 말씀하시는 검찰독재 이런 것과는 전혀 결이 다른 거 아니에요?▶김용민 : 결이 다를 수 있지요.
이런 생각이 들 정도였거든요.▷김태현 : 정말요?▶김용민 : 네.
그러니까 촛불집회에 참여한 시민들이 막 화가 나게 만들어서 그분들을 마치 폭력집회를 하는 것으로 유도하고 나중에 계엄선포할 거 아니야, 혹은 예전에 박근혜 탄핵 때도, 촛불 때도 아시는 것처럼 실제로 계엄이 검토가 됐었어요.▷김태현 : 그런데 의원님, 제가 딱 드는 생각은 독재자들이 시행하는 계엄이라는 게 정국이 불리해지면 반전카드로 쓰곤 하잖아요.
그런데 만약에 국민의힘이 내년 총선 이기면 여권 입장에서는 행정부, 입법부, 지방권력까지 다 장악하는 건데 굳이 계엄 이런 거 할 필요가 있어요?▶김용민 : 충분히 가능하다고 보지요.▷김태현 : 그래요?▶김용민 : 네.
그런 상황에서 국민들이 참을 수 있겠냐는 얘기를 하는 겁니다.▷김태현 : 알겠습니다.
그런데 진짜 계엄을 검토하고 있는 상황이면 제가 예방주사 놓은 겁니다.▷김태현 : 그래요?▶김용민 : 네.▷김태현 : 의원님, 마지막으로 하나만 질문을 드릴게요.
당연히 윤석열 정부의 심판론과 그다음에 범야권들의 반윤연대 뭐 여러 가지 요소들, 그 민생을 살리기 위한 어떤 정책대안 이런 것들이 이번 총선에서는 주요 이슈가 될 것이라고 생각합니다.▷김태현 : 알겠습니다.
그런데 저는 그 흐름에서 여러 가지 원칙들이 있겠지만 제가 제시하는 원칙은 적어도 우리 당이 이기는 선거구도로 가야 된다, 선거제도는 우리 당이 이기는 방향으로 설계를 해야 된다라는 원칙을 말씀드린 거고요.▷김태현 : 얼마 전에 이재명 대표가 ""멋지게 지면 무슨 소용이냐."" 그 얘기를 하셨는데 그거랑 궤를 같이하는 겁니까?▶김용민 : 뭐 그렇다고 봐야 될 것 같습니다.
그런데 사실 선거제도를 논의할 때 진짜 중요한 게 빠져 있어요.▷김태현 : 뭐예요?▶김용민 : 국민들께서는 지금 선거제도보다 너희들이, 당신들이 뽑혀서 뭘 할 건데?
다만 우리가 그런 원칙은 있어야 이런 말씀드린 겁니다.▷김태현 : 알겠습니다.
왜냐하면 이재명 대표가 병립형으로 회귀할 수도 있을 것 같은 뉘앙스를 풍겨서요.▶김용민 : 저는 비명계라고 표현하는 그런 분들이랑 이낙연 전 대표가 그 말씀을 하신 게 되게 감사한데요.
정작 그분이 당대표일 때 검찰개혁, 언론개혁 손 놨습니다.▷김태현 : 본인들이 한 약속이나 지켜라?▶김용민 : 제가 아까 말씀드린 게 그거예요.
혹시 이낙연 전 대표가 신당 만들고 비명계 의원들이 탈당해서 하나의 새로운 세력을 형성할 가능성 이런 것을 어느 정도 염두에 두고 계신가요?▶김용민 : 저는 현재로는 없다고 보고 있고, 없다고 믿고 싶습니다.▷김태현 : 믿고 싶으신 거예요?
당연히 그러시겠지요.▶김용민 : 왜냐하면 아까도 말씀드린 것처럼 우리 당의 큰 어른이고 민주당을 지켜왔던 분들이에요.
그래서 그건 그 지역유권자들이 판단하실 문제라고 생각하고요.▷김태현 : 당 전체로 생각하면 어떤 게 유리할까요?▶김용민 : 글쎄요.
유권자들께서 검찰의 수사나 이런 것들을 크게 신뢰하지 않는 이런 분위기도 충분히 고려돼야 되지 않을까 생각합니다.▷김태현 : 1심 유죄 상태에서 출마해도 당에게 크게 무리될 것은 없다?▶김용민 : 예전에 드루킹 사건 기억하실 겁니다.
그래서 개별 의원의 그런 결단이기는 하지만 그게 전체 판세에 큰 영향을 주지는 않지 않을까라고 생각합니다.▷김태현 : 알겠습니다.",https://imgnews.pstatic.net/image/055/2023/12/01/0001110700_002_20231201102901272.jpg?type=w647,https://n.news.naver.com/mnews/article/055/0001110700?sid=100
101,"한국인 기대수명 男 79.9세·女 85.6세...""코로나 탓 52년만 첫 감소""","작년 출생아 기대수명 82.7세男 79.9세·女 85.6세 '격차 최소'…무병기간 65.8년사망 확률, 암>심장질환>코로나…코로나 없으면 수명 1.0년↑ 코로나19 이후 한국인의 평균 수명이 감소했다.
한국인의 기대 수명은 1970년부터 51년간 높아져 왔다.통계청 임영일 인구동향과장은 ""2022년에 코로나19 사망자가 굉장히 많았고 사망 원인 중에서도 3위에 해당했다""며 ""이로 인해 출생아의 기대수명이 감소했다""고 설명했다.남자가 79.9년, 여자가 85.6년으로 1년 전보다 각각 0.8년, 1.0년 감소했다.남녀 간의 기대수명 격차는 5.8년으로 0.2년 줄었다.
2년 전보다 0.5년 감소했다.남자가 65.1년, 여자가 66.6년으로 같은 기간 각각 0.5년, 0.6년 줄었다.
기대수명 대비로 보면 아프지 않고 건강하게 보내는 기간의 비중이 남자가 81.5%로 여자(77.7%)보다 더 높았다.주관적으로 건강하다고 생각하는 기대 수명은 72.2년으로 2년 전보다 1.3년 늘었다.","https://imgnews.pstatic.net/image/016/2023/12/01/20231201000425_0_20231201132401524.jpg?type=w647,https://imgnews.pstatic.net/image/016/2023/12/01/20231201000426_0_20231201132401529.jpg?type=w647,https://imgnews.pstatic.net/image/016/2023/12/01/20231201000427_0_20231201132401534.jpg?type=w647,https://imgnews.pstatic.net/image/374/2023/12/01/0000361060_001_20231201135801413.jpg?type=w647,https://imgnews.pstatic.net/image/374/2023/12/01/0000361060_003_20231201135801564.jpg?type=w647,https://imgnews.pstatic.net/image/011/2023/12/01/0004268811_001_20231201120701010.jpg?type=w647,https://imgnews.pstatic.net/image/001/2023/12/01/PYH2023083113100001300_P4_20231201120130127.jpg?type=w647,https://imgnews.pstatic.net/image/001/2023/12/01/AKR20231201072900002_01_i_P4_20231201120130132.jpg?type=w647,https://imgnews.pstatic.net/image/001/2023/12/01/AKR20231201072900002_02_i_P4_20231201120130135.jpg?type=w647,https://imgnews.pstatic.net/image/001/2023/12/01/PYH2021112416780001300_P4_20231201120130138.jpg?type=w647","https://n.news.naver.com/mnews/article/016/0002233005?sid=101,https://n.news.naver.com/mnews/article/374/0000361060?sid=101,https://n.news.naver.com/mnews/article/011/0004268811?sid=101,https://n.news.naver.com/mnews/article/001/0014365890?sid=101"
101,카카오뱅크 ATM 수수료 면제 연장…누적 면제액 3100억원,ATM 수수료 면제 금액은 2017년 출범 이후 지난달 말까지 누적 약 3100억원에 달한다.,"https://imgnews.pstatic.net/image/003/2023/12/01/NISI20231201_0001426437_web_20231201112147_20231201133224537.jpg?type=w647,https://imgnews.pstatic.net/image/374/2023/12/01/0000361033_001_20231201111501335.png?type=w647,https://imgnews.pstatic.net/image/016/2023/12/01/20231201000257_0_20231201110605066.jpg?type=w647","https://n.news.naver.com/mnews/article/003/0012242975?sid=101,https://n.news.naver.com/mnews/article/374/0000361033?sid=101,https://n.news.naver.com/mnews/article/016/0002232884?sid=101"
101,반도체 '플러스' 전환하자 수출 7.8%↑·무역흑자 38억弗 날개(종합2보),"장기간 고전을 면치 못하던 대(對)중국 수출은 올해 가장 개선된 모습을 보이긴 했지만 전년 대비 감소세를 벗어나지 못했다.1일 산업통상자원부가 발표한 '11월 수출입 동향'에 따르면 수출은 1년 전보다 7.8% 증가한 558억 달러(72조5958억원)를 기록했다.지난달 수출이 13개월 만에 증가로 돌아선 이후 2개월째 플러스를 지속한 것이다.
수출 물량도 증가세(4.6%)를 이어가며 2개월 연속 플러스를 기록했다.반도체를 중심으로 15대 주력 수출품목 중 총 12개 품목 수출이 증가하며 연중 수출 플러스를 기록한 품목 수가 가장 많았다.특히 최대 수출 품목인 반도체가 지난달 수출 실적을 끌어올렸다.
특히 전기차 수출이 전년 대비 69.4% 큰 폭으로 증가하며 자동차 수출 호조세를 이끌었다.이 밖에 15대 주력수출 품목 중 12개 주요 품목이 수출 플러스를 달성했다.
여기에 일반기계는 8개월 연속, 가전은 6개월 연속, 선박·디스플레이는 4개월 연속 플러스를 이어가는 등 플러스 흐름을 지속하는 품목도 5개에 달했다.지역별로는 11월 주요 9대 수출시장 중 6개 시장에서 수출이 증가한 것으로 나타났다.
반도체·무선통신 등 주요품목의 수출 반등에 힘입어 4개월째 100억 달러를 웃돈 수치를 기록한 것이다.김 실장은 ""중국은 연초부터 코로나 이후 경제활동 재개의 효과가 생각보다 느리게 나타나고 있기는 하지만 어쨌든 대중 최대 수출 품목인 반도체가 지난달에 30% 증가했고 무선통신기기, 부품, 컴퓨터 등 IT 품목 수출도 개선세를 보였다""며 ""전년 대비 0.2% 감소니까 실질적으로 작년 수준은 거의 회복해 나가고 있다""고 강조했다.미국의 수출액은 109억5000만 달러(14조2273억원)로 나타나며 24.7%가 올랐다.","https://imgnews.pstatic.net/image/003/2023/12/01/NISI20231121_0020136487_web_20231121111955_20231201135408952.jpg?type=w647,https://imgnews.pstatic.net/image/003/2023/12/01/NISI20231201_0001426287_web_20231201103050_20231201135408955.jpg?type=w647,https://imgnews.pstatic.net/image/003/2023/12/01/NISI20231101_0001401035_web_20231101150251_20231201135408959.jpg?type=w647,https://imgnews.pstatic.net/image/003/2023/12/01/NISI20230201_0019732188_web_20230201152014_20231201135408962.jpg?type=w647,https://imgnews.pstatic.net/image/003/2023/12/01/NISI20231005_0020075118_web_20231005094256_20231201135408965.jpg?type=w647,https://imgnews.pstatic.net/image/008/2023/12/01/0004968847_001_20231201113201000.jpg?type=w647,https://imgnews.pstatic.net/image/008/2023/12/01/0004968847_002_20231201113201096.jpg?type=w647,https://imgnews.pstatic.net/image/003/2023/12/01/NISI20231108_0020120693_web_20231108112049_20231201122406058.jpg?type=w647,https://imgnews.pstatic.net/image/003/2023/12/01/NISI20231201_0001426287_web_20231201103050_20231201122406061.jpg?type=w647,https://imgnews.pstatic.net/image/003/2023/12/01/NISI20230830_0001352275_web_20230830131841_20231201122406064.jpg?type=w647,https://imgnews.pstatic.net/image/003/2023/12/01/NISI20230615_0000278233_web_20230615221708_20231201122406066.jpg?type=w647,https://imgnews.pstatic.net/image/003/2023/12/01/NISI20231108_0020120605_web_20231108105937_20231201122406069.jpg?type=w647","https://n.news.naver.com/mnews/article/003/0012243045?sid=101,https://n.news.naver.com/mnews/article/008/0004968847?sid=101,https://n.news.naver.com/mnews/article/003/0012242764?sid=101"
101,"외국인 이탈 우려에…금융위 “공매도 일시 금지, 韓 증시 선진화 위한 것” ",요약 실패,"https://imgnews.pstatic.net/image/016/2023/12/01/20231004000502_0_20231201111312418.jpg?type=w647,https://imgnews.pstatic.net/image/016/2023/12/01/20231129000047_0_20231201111312422.jpg?type=w647,https://imgnews.pstatic.net/image/001/2023/12/01/PYH2023111611740001300_P4_20231201104809355.jpg?type=w647","https://n.news.naver.com/mnews/article/016/0002232901?sid=101,https://n.news.naver.com/mnews/article/001/0014365678?sid=101"
101,"獨빌딩 사들인 이지스운용, 수천억원 투자손실 위기 ‘3개월 뒤로 미뤄져’","다만 이번 계약은 진행 상황과 계약 조건 등에 따라 중도에 조기 계약 해지가 가능하다.1일 금융투자업계에 따르면 이지스운용은 이지스글로벌부동산투자신탁229호(이하 트리아논 펀드)를 통해 트리아논 건물을 매입할 당시 자금을 빌렸던 대주단 여덟 개사와 3개월 간 현상유지 계약을 맺었다.
이지스운용은 펀드를 조성하고, 자금을 빌려 독일 트리아논 건물을 매입했다.
투자손실이 커질 수 있는 셈이다.만기까지 이지스는 건물 매각이나 리파이낸싱 펀드를 조성하는 등 방안을 강구할 계획이다.펀드의 만기는 연장된 상황이다.","https://imgnews.pstatic.net/image/029/2023/12/01/0002840587_001_20231201120701063.jpg?type=w647,https://imgnews.pstatic.net/image/016/2023/12/01/20231201000378_0_20231201113126924.jpg?type=w647,https://imgnews.pstatic.net/image/016/2023/12/01/20231129000047_0_20231201113126932.jpg?type=w647","https://n.news.naver.com/mnews/article/029/0002840587?sid=101,https://n.news.naver.com/mnews/article/016/0002232952?sid=101"
101,삼성글로벌리서치 사장단 인사…대표이사에 김원준 부사장,CSR 총괄 사장에 장석훈 삼성증권 대표 삼성글로벌리서치는 1일 김원준 테크 앤드 퓨처(Tech&Future)본부장(부사장)을 대표이사 부사장으로 승진 내정하는 내용을 포함한 2024년 사장단 인사를 발표했다.,"https://imgnews.pstatic.net/image/001/2023/12/01/PYH2023120106400001300_P4_20231201112621382.jpg?type=w647,https://imgnews.pstatic.net/image/001/2023/12/01/PYH2023120106410001300_P4_20231201112621395.jpg?type=w647,https://imgnews.pstatic.net/image/011/2023/12/01/0004268789_001_20231201111801019.jpg?type=w647,https://imgnews.pstatic.net/image/011/2023/12/01/0004268789_002_20231201111801074.jpg?type=w647","https://n.news.naver.com/mnews/article/001/0014365808?sid=101,https://n.news.naver.com/mnews/article/011/0004268789?sid=101"
101,'8500억원' 초고가 거래에 서울 빌딩 거래액 80% 뛰었다,"다만 이는 일부 초고가 건물 거래에 따른 것으로, 거래량이 지난 2월 이후 최저 수준을 기록하는 등 거래 부진이 이어져 시장 회복을 기대하기는 어렵다는 분석이 나온다.1일 부동산 전문기업 부동산플래닛과 알스퀘어 등에 따르면, 지난 10월 전국 상업·업무용 빌딩 거래량은 1082건으로 전월 대비 1.7% 증가했다.
전국 상업·업무용 빌딩 거래량은 두 달째 이어진 하락세에서는 벗어났지만, 지난 3월 이후 1000건 대를 맴돌고 있다.같은 달 전국 상업·업무용 빌딩 거래 금액은 2조9365억원으로 전월보다 35.5% 증가했다.","https://imgnews.pstatic.net/image/586/2023/12/01/0000068693_001_20231201130903659.jpg?type=w647,https://imgnews.pstatic.net/image/025/2023/12/01/0003325596_001_20231201110101060.jpg?type=w647,https://imgnews.pstatic.net/image/025/2023/12/01/0003325596_002_20231201110101117.jpg?type=w647","https://n.news.naver.com/mnews/article/586/0000068693?sid=101,https://n.news.naver.com/mnews/article/025/0003325596?sid=101"
101,아레나는 한화···도봉구 창동에 1만8천석 규모 서울아레나 본격 착공,"CJ라이브시티는 음악, 영화, 드라마, 예능 등 한국의 대표적인 문화 콘텐츠를 전 세계인이 생생하게 경험할 수 있는 세계 최초의 ‘K-콘텐츠 경험형 복합단지’로 개발되고 있으며 아레나는 그 핵심 역할을 담당할 것으로 기대되고 있다.또한 한화 건설부문은 지난 2014년 기네스북에 등재된 세계 최대 규모의 돔 공연장 ‘필리핀 아레나’를 건설해 한국 건설사 중 유일하게 국내외 아레나 실적을 모두 보유하고 있다.
한화 건설부문은 돔 구조물에 대해 국내 최고 수준의 기술력을 바탕으로 폭우나 강풍, 폭설, 지진 등에 안전하면서도 기둥을 최소화해 탁 트인 내부 공간을 갖춘 대규모 아레나를 제공하고 있다.이러한 아레나들은 K팝과 국내외 아티스트의 라이브 음악 공연에 최적화된 무대 환경을 제공해 그간 전문 공연장이 아닌 실내체육관 등에서 개최된 콘서트의 단점이었던 음향과 연출에 대한 아쉬움을 해소할 수 있을 것으로 기대되고 있다.박철광 한화 건설부문 개발사업본부장은 “한화는 아레나와 전시산업 분야에서 최고 수준 기술력과 국내외 실적을 모두 갖춘 건설사”라며 “아레나가 K팝의 발전에 기여하고 한국의 공연 문화를 한 단계 진화시킬 것으로 기대한다”고 말했다.","https://imgnews.pstatic.net/image/009/2023/12/01/0005223618_001_20231201112601048.jpg?type=w647,https://imgnews.pstatic.net/image/277/2023/12/01/0005348883_001_20231201104115365.jpg?type=w647","https://n.news.naver.com/mnews/article/009/0005223618?sid=101,https://n.news.naver.com/mnews/article/277/0005348883?sid=101"
101,‘성과 우선’ 삼성 금융계열사 사장단 인사,"삼성 금융 계열사 관계자는 “세대교체의 상징성보다는 견조한 실적을 바탕으로 변화를 이끌어낼 수 있는 인사가 이뤄진 것으로 읽힌다”고 말했다.삼성 금융 그룹의 맏형 격인 삼성생명을 이끌 홍원학 신임 삼성생명 사장은 1990년 삼성생명에 입사해 삼성전자 인사팀장, 삼성생명 FC영업1본부장을 거쳐 2021년 12월 삼성화재 대표로 취임했다.
작년 말 삼성생명 전략영업본부장 부임 후 보험대리점(GA)시장 등 변화에 민감한 손보업 DNA를 이식하며 체질 개선에 일조했다는 평가를 받는다.삼성화재는 “이번 승진을 통해 삼성화재의 다양한 사업 포트폴리오를 공고히 하고 변화·혁신을 위한 조직문화 구축에 앞장서도록 했다”고 설명했다.박종문 신임 삼성증권 사장은 삼성생명으로 입사해 해외사업본부, 경영지원실 등을 거쳐 지난해부터 자산운용부문을 이끌어왔다.
해외사업본부 담당임원 상무, 경영지원실 담당임원 상무를 거쳐 CPC전략실장과 금융경쟁력제고 태스크포스(TF) 전무, 자산운용부문 사장 등을 역임하며 사실상 삼성 금융 그룹 내 자산운용 최고 전문가로 꼽힌다.김대환 삼성카드 대표는 올 3월 3년의 임기를 끝마치고도 이번 인사에서도 유임되면서 사실상 연임을 이어가고 있다.","https://imgnews.pstatic.net/image/016/2023/12/01/20231201000385_0_20231201132602468.jpg?type=w647,https://imgnews.pstatic.net/image/016/2023/12/01/20231201000231_0_20231201111511587.jpg?type=w647,https://imgnews.pstatic.net/image/016/2023/12/01/20231201000232_0_20231201111511590.jpg?type=w647,https://imgnews.pstatic.net/image/016/2023/12/01/20231201000233_0_20231201111511594.jpg?type=w647,https://imgnews.pstatic.net/image/016/2023/12/01/20231201000291_0_20231201111511598.jpg?type=w647","https://n.news.naver.com/mnews/article/016/0002232960?sid=101,https://n.news.naver.com/mnews/article/016/0002232868?sid=101"
101,크리스마스 노린 호텔가 '케이크 전쟁' 시작됐다…올해 최고가는?,"원재료 가격 상승 등 이유로 가격 18~25% 올려30만원짜리 케이크 등장…지난해 최고가 케이크는 25만원주요 특급호텔이 연말특수를 겨냥해 크리스마스 케이크를 잇달아 선보이고 있는 가운데, 올해 신라호텔이 30만원짜리 시즌 한정 케이크를 내놓아 최고가 케이크가 될지 주목되고 있다.
지난해 신라호텔과 함께 25만원짜리 최고가 케이크를 선보인 조선팰리스 호텔은아직 크리스마스 케이크를 공개하지 않았다.호텔업계 관계자는 ""특급 호텔들이 올해 연말특수를 노리고 선물용 케이크를 선보이면서 가격 책정에 고심하며 '눈치 보기'를 하고 있다""며 ""올해 케이크 가격이 최고 30만원을 넘을지 관심이 쏠리고 있다""고 말했다.","https://imgnews.pstatic.net/image/586/2023/12/01/0000068679_001_20231201112701541.jpg?type=w647,https://imgnews.pstatic.net/image/586/2023/12/01/0000068679_002_20231201112701566.jpg?type=w647,https://imgnews.pstatic.net/image/586/2023/12/01/0000068679_003_20231201112701600.jpg?type=w647,https://imgnews.pstatic.net/image/015/2023/12/01/0004920547_001_20231201110801007.jpg?type=w647,https://imgnews.pstatic.net/image/015/2023/12/01/0004920547_002_20231201110801032.jpg?type=w647,https://imgnews.pstatic.net/image/015/2023/12/01/0004920547_003_20231201110801068.jpg?type=w647","https://n.news.naver.com/mnews/article/586/0000068679?sid=101,https://n.news.naver.com/mnews/article/015/0004920547?sid=101"
102,타인 연락처 올리고는 “현피 뜰 사람 전화”…일식집 사장 피해 입어,요약 실패,"https://imgnews.pstatic.net/image/081/2023/12/01/0003413200_001_20231201134001187.jpg?type=w647,https://imgnews.pstatic.net/image/015/2023/12/01/0004920626_001_20231201133201038.jpg?type=w647,https://imgnews.pstatic.net/image/020/2023/12/01/0003534553_001_20231201133101031.jpg?type=w647,https://imgnews.pstatic.net/image/001/2023/12/01/PCM20231027000218990_P4_20231201112218086.jpg?type=w647","https://n.news.naver.com/mnews/article/081/0003413200?sid=102,https://n.news.naver.com/mnews/article/015/0004920626?sid=102,https://n.news.naver.com/mnews/article/020/0003534553?sid=102,https://n.news.naver.com/mnews/article/001/0014365779?sid=102"
102,자승스님 추가유서 발견…‘선택에 의한 분신’ 조계종 판단 힘실려,요약 실패,"https://imgnews.pstatic.net/image/029/2023/12/01/0002840586_001_20231201115403348.jpg?type=w647,https://imgnews.pstatic.net/image/214/2023/12/01/0001315673_001_20231201115201804.jpg?type=w647,https://imgnews.pstatic.net/image/214/2023/12/01/0001315673_002_20231201115201834.jpg?type=w647,https://imgnews.pstatic.net/image/029/2023/12/01/0002840583_001_20231201112501064.jpg?type=w647","https://n.news.naver.com/mnews/article/029/0002840586?sid=102,https://n.news.naver.com/mnews/article/214/0001315673?sid=102,https://n.news.naver.com/mnews/article/029/0002840583?sid=102"
102,‘MZ조폭’ 등장에…전국 조직범죄 전담검사 60명 모여,"이 워크숍에는 박영빈 대검찰청 마약조직범죄부장(검사장) 등 대검 관계자와일선 검찰청 조직범죄 전담검사 등 총 60여 명의 검사들이 참석했다.
반면 1990년대 1세대형 조직범죄는 업소 갈취, 이권 다툼 폭력 등 전통적 활동영역에서 이뤄졌고2세대형 조직은 시행사 운영 및 아파트 분양 등 부동산시장에 진출한 것이 특징이다.
4세대 조직범죄는 형법 114조가 규정하는 범죄집단∙단체의 개념에 포섭돼 가중 처벌을 할 수 있다.","https://imgnews.pstatic.net/image/022/2023/12/01/20231201507600_20231201125803617.jpg?type=w647,https://imgnews.pstatic.net/image/028/2023/12/01/0002667002_001_20231201122301077.jpg?type=w647,https://imgnews.pstatic.net/image/005/2023/12/01/2023120111293654852_1701397777_0018928421_20231201113301826.jpg?type=w647","https://n.news.naver.com/mnews/article/022/0003880769?sid=102,https://n.news.naver.com/mnews/article/028/0002667002?sid=102,https://n.news.naver.com/mnews/article/005/0001656389?sid=102"
102,"푸바오 라이벌? 멸종위기 ‘레서판다’, 서울 왔다…공개는 언제?","‘세계에서 가장 귀엽게 위협하는 동물’로 뽑히는 국제적 멸종위기종 레서판다가 한국에 추가로 들어왔다.서울대공원은 1일 “레서판다 3마리를 해외에서 들어와 검역을 거쳐 적응 훈련을 하고 있다”며 “충분한 적응 기간을 갖고 2024년 3월경 야외 방사장에서 공개할 예정”이라고 밝혔다.공원 측은 이달 중 시민을 대상으로 레서판다 3마리에게 붙여줄 이름을 공모하고, 레서판다 적응기를 영상으로 촬영해 유튜브 등 온라인상에 먼저 공개할 계획이다.서울대공원이 들여온 레서판다는 국제적 멸종위기종인 ‘사이테스(CITES) 1급’ 동물이다.","https://imgnews.pstatic.net/image/020/2023/12/01/0003534551_001_20231201123601041.jpg?type=w647,https://imgnews.pstatic.net/image/020/2023/12/01/0003534551_002_20231201123601111.jpg?type=w647,https://imgnews.pstatic.net/image/020/2023/12/01/0003534551_001_20231201123601041.jpg?type=w647,https://imgnews.pstatic.net/image/020/2023/12/01/0003534551_002_20231201123601111.jpg?type=w647,https://imgnews.pstatic.net/image/003/2023/12/01/NISI20231201_0001426319_web_20231201101830_20231201130806949.jpg?type=w647","https://n.news.naver.com/mnews/article/020/0003534551?sid=102,https://n.news.naver.com/mnews/article/020/0003534551?sid=102,https://n.news.naver.com/mnews/article/003/0012242909?sid=102"
102,"홍준표 ""부산 엑스포 박빙 거짓 보고 참모 징치해야 한다""","홍준표 대구시장이 1일 부산 엑스포 유치 실패와 관련, 대통령 참모들에 대한 책임을 거론하고 나섰다.홍준표 시장은 이날 자신의 페이스북에 올린 글을 통해 ""엑스포 발표 이틀 전 유력 일간지 헤드타이틀로 49 대 51 막판 역전 노린다라고 전국민을 상대로 거짓 정보를 보도케 했다""고 지적했다.이어 ""미국서 돌아온 대통령에게 박빙이라고 거짓 보고해 이틀만에 또 파리로 출장 가게 한 참모들이 누군지 밝혀 징치(懲治)해야 하지 않겠나""며 ""그런 무능하고 아부에 찌든 참모들이 나라를 어지럽게 하고 정권을 망친다""고 강조했다.홍 시장은 또 ""유치실패가 문제가 아니다""라며 ""세계의 흐름을 바로 보지 못한 관계기관들의 무지와 무능이 문제""라고 ","https://imgnews.pstatic.net/image/016/2023/12/01/202312011314542449447_20231201131541_01_20231201131804306.jpg?type=w647,https://imgnews.pstatic.net/image/003/2023/12/01/NISI20231120_0020135406_web_20231120110729_20231201125806520.jpg?type=w647,https://imgnews.pstatic.net/image/081/2023/12/01/0003413186_001_20231201120301142.jpg?type=w647","https://n.news.naver.com/mnews/article/016/0002233002?sid=102,https://n.news.naver.com/mnews/article/003/0012243223?sid=102,https://n.news.naver.com/mnews/article/081/0003413186?sid=102"
102,"경찰, 태광 ‘3차 압수수색’…이호진 전 태광 회장 ‘횡령·배임 의혹’",요약 실패,"https://imgnews.pstatic.net/image/016/2023/12/01/20230917000200_0_20231201124601504.jpg?type=w647,https://imgnews.pstatic.net/image/016/2023/12/01/20230917000200_0_20231201124601504.jpg?type=w647","https://n.news.naver.com/mnews/article/016/0002232991?sid=102,https://n.news.naver.com/mnews/article/016/0002232991?sid=102"
102,'박수홍 출연료 횡령' 큰형 재판 마무리 수순…구형 임박,요약 실패,"https://imgnews.pstatic.net/image/003/2023/12/01/NISI20230419_0019859945_web_20230419143820_20231201123904190.jpg?type=w647,https://imgnews.pstatic.net/image/003/2023/12/01/NISI20230419_0019859945_web_20230419143820_20231201123904190.jpg?type=w647","https://n.news.naver.com/mnews/article/003/0012243198?sid=102,https://n.news.naver.com/mnews/article/003/0012243198?sid=102"
102,"독감 1년새 확 늘었다… 아동·청소년 독감 3배 이상 껑충, 독감 대처법은","특히 13~18세는 104.0명으로 유행 기준의 16배에 달했다.또 19~49세 53.2명, 1~6세 35.3명, 50~64세 24.4명, 0세 20.5명, 65세 이상 11.8명 등이었다.질병청은 전국 196개 의원에서 인플루엔자 의심 증상을 보이는 환자 정보를 수집해 발표한다.
생후 6개월~13세 어린이, 임신부, 65세 이상 고령층은 독감 백신을 무료로 접종할 수 있다.폐렴 등 합병증 시 입원·사망할 수도백신 접종시 성인 70~90% 예방효과독감으로 불리는 인플루엔자바이러스는 A, B, C형으로 나뉘는데 주로 A형과 B형이 인체에 전염성이 높은 호흡기 감염을 유발한다.
조선영 삼성서울병원 감염내과 교수는 “독감 인플루엔자바이러스는 매년 유전자 변이를 일으키므로 해마다 유행하는 바이러스의 백신을 접종해야 한다”고 조언했다.예방접종은 2주 이상 지나야 항체가 형성돼 효과가 나타난다.","https://imgnews.pstatic.net/image/081/2023/12/01/0003413192_001_20231201124701144.jpg?type=w647,https://imgnews.pstatic.net/image/081/2023/12/01/0003413192_002_20231201124701180.jpg?type=w647,https://imgnews.pstatic.net/image/081/2023/12/01/0003413192_003_20231201124701217.jpg?type=w647,https://imgnews.pstatic.net/image/081/2023/12/01/0003413192_004_20231201124701264.jpg?type=w647,https://imgnews.pstatic.net/image/081/2023/12/01/0003413192_005_20231201124701308.jpg?type=w647,https://imgnews.pstatic.net/image/081/2023/12/01/0003413192_006_20231201124701351.jpg?type=w647,https://imgnews.pstatic.net/image/081/2023/12/01/0003413192_007_20231201124701391.jpg?type=w647,https://imgnews.pstatic.net/image/081/2023/12/01/0003413192_001_20231201124701144.jpg?type=w647,https://imgnews.pstatic.net/image/081/2023/12/01/0003413192_002_20231201124701180.jpg?type=w647,https://imgnews.pstatic.net/image/081/2023/12/01/0003413192_003_20231201124701217.jpg?type=w647,https://imgnews.pstatic.net/image/081/2023/12/01/0003413192_004_20231201124701264.jpg?type=w647,https://imgnews.pstatic.net/image/081/2023/12/01/0003413192_005_20231201124701308.jpg?type=w647,https://imgnews.pstatic.net/image/081/2023/12/01/0003413192_006_20231201124701351.jpg?type=w647,https://imgnews.pstatic.net/image/081/2023/12/01/0003413192_007_20231201124701391.jpg?type=w647","https://n.news.naver.com/mnews/article/081/0003413192?sid=102,https://n.news.naver.com/mnews/article/081/0003413192?sid=102"
102,원룸 여성 성폭행 하려다 제지하는 남친 살해하려 한 20대 징역 50년,요약 실패,"https://imgnews.pstatic.net/image/087/2023/12/01/0001010661_001_20231201125601195.jpeg?type=w647,https://imgnews.pstatic.net/image/005/2023/12/01/2022010610100562585_1641431405_0018928404_20231201113001917.jpg?type=w647","https://n.news.naver.com/mnews/article/087/0001010661?sid=102,https://n.news.naver.com/mnews/article/005/0001656388?sid=102"
102,"검찰, '민주당 돈봉투 의혹 정점' 송영길 8일 소환",검찰은 무소속 윤관석(구속기소) 의원이 전당대회를 앞둔 2021년 4월 28∼29일 이틀간 국회 본관 외교통일위원회 소회의실과 의원회관에서 민주당 의원들에게 300만원씩 든 돈봉투 20개를 살포하는 과정에 송 전 대표가 개입한 것으로 본다.,"https://imgnews.pstatic.net/image/001/2023/12/01/PYH2023111905510005400_P4_20231201123606934.jpg?type=w647,https://imgnews.pstatic.net/image/001/2023/12/01/PYH2023111905510005400_P4_20231201123606934.jpg?type=w647","https://n.news.naver.com/mnews/article/001/0014365917?sid=102,https://n.news.naver.com/mnews/article/001/0014365917?sid=102"
103, 아침 최저 '-10도' 맹추위…전북서해안·제주도는 많은 눈,요약 실패,"https://imgnews.pstatic.net/image/031/2023/12/01/0000792808_001_20231201083101072.jpg?type=w647,https://imgnews.pstatic.net/image/031/2023/12/01/0000792808_002_20231201083101099.jpg?type=w647,https://imgnews.pstatic.net/image/031/2023/11/30/0000792758_001_20231130185301089.jpg?type=w647","https://n.news.naver.com/mnews/article/031/0000792808?sid=103,https://n.news.naver.com/mnews/article/031/0000792758?sid=103"
103, “내일도 추워요!”…내일까지 서해안에 눈,"오늘 서울의 아침 기온이 영하 7.3도까지 떨어졌는데요.
내일 서울의 아침 기온 영하 5도, 모레 영하 4도 등 기온이 조금씩 오르겠지만, 북쪽의 찬 공기가 계속해서 밀려와 여전히 춥겠습니다.
내일까지  전북 서해안과 제주 산간에 최대 10cm 이상의 큰 눈이 쌓이겠습니다.",,"https://n.news.naver.com/mnews/article/056/0011613231?sid=103,https://n.news.naver.com/mnews/article/056/0011613158?sid=103"
103,가는 곳마다 한국 제품…“일본산보다 좋네” 푹 빠진 대만 무슨 일,"쿠팡, 대만서 로켓배송서비스유아용품·화장품 등 한국산 인기중소기업 판로 개척 효자로‘3호 물류센터’ 내년 상반기 개소쿠팡이 ‘로켓배송’ 모델을 대만에 도입한 지 1년 만에 현지 유아용품 시장 점유율 1위를 기록했다.
특히 직접 해외진출을 시도하기 어려운 중소기업들이 쿠팡을 통해 상품을 수출하면서 ‘해외진출 플랫폼’ 역할을 하고 있다는 분석이 나온다.30일 업계에 따르면 쿠팡의 로켓배송이나 로켓직구 서비스를 통해 대만에 상품을 수출하는 국내 중소기업은 1만2000개를 넘어섰다.
유아 물티슈 업체인 순수코리아의 양칠식 대표는 “최근 쿠팡을 통해 대만 매출이 전체 회사 수출 비중의 50%에 도달했다”며 “현지에 (쿠팡의) 추가 물류센터가 개설되면 물량 급증으로 판매량이 더 늘어날 것으로 보인다”고 말했다.한국산 밥솥도 현지인들에게 인기다.
중소벤처기업부에 따르면 올해 상반기 중소기업 화장품의 대만 출은 7000만달러(약 930억원)로 전년 동기보다 12.2% 늘었다.지난해 10월 대만에 처음 진출한 쿠팡은 지난달 2일 대만 북서부 타오위안시에 풀필먼트센터 2호를 개소하는 등 물류센터 확충에 속도를 내고 있다.","https://imgnews.pstatic.net/image/009/2023/11/30/0005223435_001_20231130213203423.png?type=w647,https://imgnews.pstatic.net/image/009/2023/11/30/0005223435_002_20231130213203469.jpg?type=w647,https://imgnews.pstatic.net/image/009/2023/11/30/0005223325_001_20231130175641414.jpg?type=w647","https://n.news.naver.com/mnews/article/009/0005223435?sid=103,https://n.news.naver.com/mnews/article/009/0005223325?sid=103"
103, 오늘도 추위 계속…충남·호남·제주에 눈,"경기 북동부와 강원도, 경북 산지에는 한파주의보가 계속 내려져 있고요.
호남 서부와 제주 산지에는 대설 주의보가 발효 중입니다.
그래도 내일 오후에는 오늘보다 기온이 높아져 추위가 조금씩 누그러질 것으로 보입니다.
다음 주 초에는 기온이 더 오르겠습니다.",,"https://n.news.naver.com/mnews/article/056/0011613350?sid=103,https://n.news.naver.com/mnews/article/056/0011613278?sid=103"
103,맛집 찾아다니던 20대…병원 갔더니 '날벼락' ,"일상에서 쉽게 실천할 수 있는 방법으로는 엘리베이터 대신 계단을 이용하고, 대중교통을 탈 때는 한 두 정거장 미리 내려 걷는 것도 도움이 된다.하지만 운동이 모든 당뇨병 환자에게 좋은 것은 아니다.
고혈압 합병증이 있다면 무거운 물체를 들어 올리는 운동을 피해야 한다.이외에도 겨울철 각종 명절과 신년 모임 등을 맞아 식단 조절에도 유의할 필요가 있다.김병준 가천대 길병원 내분비내과 교수는 ""겨울철 즐기는 국물이나 탕 요리는 맵고 짠 경우가 많아 고칼로리의 자극적인 음식을 주로 섭취할 위험이 있다""며 ""이런 음식은 입맛을 자극해 한 번에 많은 양을 섭취하게 하는 데다, 많은 양의 나트륨과 지방이 함유돼 있어 혈당 조절을 어렵게 하고 비만을 유도한다""고 경고했다.그러면서 ""식단 조절은 당뇨병 환자의 가장 큰 숙제""라며 ""당뇨병 환자의 혈당은 먹는 음식의 양뿐 아니라 종류에 따라서도 변화한다.
평소 운동을 잘하더라도 섭취하는 음식의 질이 나쁘다면 혈당 조절에 실패하기 쉽다""고 주의를 당부했다.","https://imgnews.pstatic.net/image/015/2023/12/01/0004920569_001_20231201113501018.jpg?type=w647,https://imgnews.pstatic.net/image/014/2023/12/01/0005108835_001_20231201104008087.jpg?type=w647","https://n.news.naver.com/mnews/article/015/0004920569?sid=103,https://n.news.naver.com/mnews/article/014/0005108835?sid=103"
103,자승스님 “스스로 깨달음 세계 맞겠다”…유서 추가 발견,요약 실패,"https://imgnews.pstatic.net/image/016/2023/12/01/20231201000326_0_20231201112412941.jpg?type=w647,https://imgnews.pstatic.net/image/001/2023/12/01/PYH2023120105450001300_P4_20231201105011196.jpg?type=w647,https://imgnews.pstatic.net/image/001/2023/12/01/PYH2023032316460001300_P4_20231201105011199.jpg?type=w647","https://n.news.naver.com/mnews/article/016/0002232928?sid=103,https://n.news.naver.com/mnews/article/001/0014365685?sid=103"
103,“진짜 여기까지 ‘로켓’ 온다고요?”…6조 쏟아부은 배송망 ‘결실’,"그는 “차로 2시간 가량 떨어진 광주나 수도권 백화점에 ‘원정 쇼핑’을 다녀야 했지만, 올 들어 로켓배송이 가능해지면서 더 이상 그럴 필요가 없어졌다”면서 “삶의 질이 달라졌다”고 말했다.30일 택배·물류업계에 따르면, 쿠팡은 최근 3년 사이 62개 시·군·구에서 로켓배송 서비스를 추가했다.
물류업계 한 관계자는 “지난해 봄부터 최근까지 쿠팡이 로켓배송을 위한 배송캠프를 강원·전라·경상 지역 곳곳에 수십곳 추가 개설한 것으로 안다”고 말했다.쿠팡은 최근 3년 사이 물류 배송망 확대에 2조원 이상을 신규 투자했다.
그럼에도 쿠팡은 꾸준히 수조원대 적자를 감수하며 투자를 늘려나갔다.쿠팡이 2021년 미국 증시에 성공적으로 상장하고 지난해 3분기부터 영업이익이 흑자로 전환하면서 내외부의 시각은 확 달라졌다.
1년 전 1799만명에서 13.5%나 늘어난 숫자다.주문이 늘면서 쿠팡의 올해 3분기 매출은 전년 보다 18% 증가하면서 처음으로 8조원대 벽을 넘겼다.","https://imgnews.pstatic.net/image/009/2023/12/01/0005223480_001_20231201074100988.jpg?type=w647,https://imgnews.pstatic.net/image/009/2023/12/01/0005223480_002_20231201074101047.jpg?type=w647,https://imgnews.pstatic.net/image/009/2023/12/01/0005223480_003_20231201074101084.jpg?type=w647,https://imgnews.pstatic.net/image/009/2023/11/30/0005223326_001_20231130204701011.jpg?type=w647,https://imgnews.pstatic.net/image/009/2023/11/30/0005223326_002_20231130204701051.jpg?type=w647","https://n.news.naver.com/mnews/article/009/0005223480?sid=103,https://n.news.naver.com/mnews/article/009/0005223326?sid=103"
103,"[]조계종 실세 돌연 입적, 왜?","자승스님 관련해 좀 더 자세한 내용 문화스포츠부 와 알아보겠습니다.
네, 먼저 오늘 조계종 브리핑 현장 목소리부터 들어보시죠.""(자승 스님은) 종단의 안정과 전법도생을 발원하면서 소신공양 자화장을 하심으로써 모든 종도들에게 경각심을 남기셨습니다."" 여기서 소신공양이라함은 스스로 불을 질러 공양한다는 의미입니다.
그런데 화재현장에서 발견된 자승스님이 남긴 메모에도 비슷한 내용이 있지 않았나요?
제가 스스로 인연을 달리할 뿐""이란 글이 쓰여 있는데, 앞서 말씀드린 열반송 내용과 대조해보면요.
인연을 정리하는 내용이 공통적으로 들어가 있습니다.
워낙 불교계 유력인사인데다 막후 실세로 통하기 때문인거죠.다양한 가능성을 두고 조사에 임한다는 의미로 보시면 됩니다.",,"https://n.news.naver.com/mnews/article/449/0000262796?sid=103,https://n.news.naver.com/mnews/article/449/0000262796?sid=103"
103, 당분간 추위 계속…내일까지 서해안 눈,"12월로 접어드는 내일도 추위는 계속됩니다.
특히, 오늘 밤부터 내일 아침 사이 전북 서해안과 제주 산지에 눈이 강하게 오겠고 10cm 이상의 많은 눈이 내려 쌓일 수 있겠습니다.
내륙 지역은 대체로 하늘이 맑겠고 동해안은 대기가 계속 건조해 화재 조심해야 합니다.",,"https://n.news.naver.com/mnews/article/056/0011612915?sid=103,https://n.news.naver.com/mnews/article/056/0011612887?sid=103"
103," 12월 첫날 강추위 계속…서쪽 중심 눈, 비","오늘도 많이 추우셨죠?12월 시작인 내일도 때이른 한겨울 추위는 계속됩니다.일부 경기와 강원, 경북 지역은 한파주의보가 발효 중인데요.내일 아침 기온 서울은 영하 5도까지 떨어지겠고요.한낮에도 2도까지 오르는데 그치면서 종일 춥겠습니다.곳곳으로는 눈과 비의 예보도 있습니다.내일까지 충청과 호남, 제주를 중심으로 비나 눈이 내릴 텐데요.특히 오늘 밤부터 내일 아침 사이 전북 서해안과 제주 산지에는 다소 강한 눈이 집중되겠습니다.내일까지 10cm가 넘는 많은 양의 눈이 내려 쌓이겠고요.빙판길이 만들어지는 곳이 많겠습니다.안전사고에 각별히 유의하시기 바랍니다.눈과 비가 내리지 않는 지역은 내일 맑은 하늘이 함께 하겠고요.동해안 지역은 대기가 많이 건조합니다.수일째 건조특보가 이어지고 있는데요.방심하는 순간에 대형 화재가 발생할 수 있습니다.경각심을 갖고 불씨 관리 잘 하셔야겠습니다.내일 오전까지 동해안 지역은 너울성 파도가 밀려들겠고요.내일 바다의 물결은 최고 4m 안팎까지 거세게 일겠습니다.이르게 찾아온 추위는 주말까지 이어지겠고요.일요일부터 바람결이 한결 부드러워지면서 추위가 점차 누그러질 것으로 전망됩니다.지금까지 날씨 전해드렸습니다.()#한겨울 #날씨 #한파 #건조주의보 #강추위 #눈 #비연합뉴스TV 기사문의 및 제보 : 카톡/라인 jebo23",,"https://n.news.naver.com/mnews/article/422/0000632160?sid=103,https://n.news.naver.com/mnews/article/422/0000632142?sid=103"
104,"이스라엘 4번째 방문 블링컨 ""이-팔 '2국가 해법'에 주력""","토니 블링컨 미국 국무장관이 30일(현지시간) 이스라엘-하마스 전쟁 개전 이후 4번째(단독 방문 기준) 이스라엘 방문에서 이스라엘과 팔레스타인이 개별 국가로 공존하는 '2국가 해법'을 강조했습니다.블링컨 장관은 이날 예루살렘에서 베냐민 네타냐후 총리, 이츠하크 헤르조그 대통령과 각각 만난 자리에서 미국은 평화와 자유, 안전 속에서 이스라엘과 더불어 살아갈 '팔레스타인 국가'를 진전시키는 실질적 조치에 주력하고 있음을 분명히 했다고 국무부가 밝혔습니다.이는 이번 전쟁에서 이스라엘이 하마스 제거라는 목표를 달성한 뒤 팔레스타인과 각각 개별 독립 주권 국가로 공존하는 '2국가 해법'을 추진해야 한다는 것이 미국의 입장임을 분명히 한 것으로 풀이됩니다.미국 바이든 행정부는 '2국가 해법'에 대한 국제사회의 동조세력을 규합하고 있지만 네타냐후 총리는 '2국가 해법'에 대한 지지 입장을 밝히지 않고 있습니다.블링컨 장관은 가자지구와 더불어 팔레스타인인들이 거주하는 또 다른 지역인 요르단 강 서안지구의 긴장 완화 필요성도 강조했습니다.그는 서안지구에서 극단적인 이스라엘 정착민들이 팔레스타인인들을 향해 저지른 폭력에 대해 책임을 물리는 즉각적 조치를 취할 것을 네타냐후 총리에게 촉구했다고 국무부는 소개했습니다.네타냐후 총리와 블링컨 장관은 또 모든 남은 인질들의 석방, 가자지구 민간인 피해 방지, 가자지구에 대한 인도적 지원 가속화 등에 대해서도 논의했습니다.이와 관련, 블링컨 장관은 민간인 피해를 피하기 위해 가능한 모든 조치를 취할 것을 이스라엘에 촉구했습니다.이날 블링컨 장관은 네타냐후 총리를 만난 뒤 서안지구의 라말라에서 마무드 아바스 팔레스타인 자치정부(PA) 수반과도 회동했습니다.블링컨 장관의 이날 행보는 전쟁이 일시적 휴전 국면에 들어간 상황에서 미국이 이스라엘과 팔레스타인 사이에서 새롭게 균형을 취하려는 행보로 풀이됩니다.","https://imgnews.pstatic.net/image/055/2023/12/01/0001110618_001_20231201014101137.jpg?type=w647,https://imgnews.pstatic.net/image/001/2023/11/30/AKR20231130193500071_02_i_P4_20231130231106031.jpg?type=w647,https://imgnews.pstatic.net/image/001/2023/11/30/AKR20231130193500071_01_i_P4_20231130231106036.jpg?type=w647","https://n.news.naver.com/mnews/article/055/0001110618?sid=104,https://n.news.naver.com/mnews/article/001/0014364967?sid=104"
104,중국 “선전과 중산 연결”…24km ‘선중통도’ 내년 개통,"선중통도가 내년 6월 정식 개통되면  선전에서 중산까지 기존 2시간 거리가 30분 이내로 단축돼 홍콩, 마카오, 주하이를 아우르는 강주아오 전지역의 교류가 크게 촉진될 것으로 기대됩니다.",,"https://n.news.naver.com/mnews/article/056/0011613628?sid=104,https://n.news.naver.com/mnews/article/056/0011613470?sid=104"
104,이스라엘·하마스 인질 추가 석방…“휴전 연장 용의”,"하마스 인질 8명 석방…이스라엘도 수감자 30명 추가 석방중재국들, 휴전연장 노력 계속일시 휴전 후 풀려난 인질 총 105명 이스라엘과 팔레스타인 무장정파 하마스의 휴전이 추가 연장된 가운데 30일(현지시간) 하마스가 가자지구에 억류한 이스라엘 인질 가운데 8명을 추가 석방, 이스라엘은 자국에 수감됐던 팔레스타인인 30명을 풀어줬다.
이스라엘은 이날 먼저 풀려난 2명의 인질은 이스라엘-프랑스 이중 국적자 21세 여성 미아 솀과 40세 여성 아미트 수사나라고 밝혔다.","https://imgnews.pstatic.net/image/016/2023/12/01/20231201000174_0_20231201100617527.jpg?type=w647,https://imgnews.pstatic.net/image/001/2023/12/01/PRU20231201128401009_P4_20231201081412445.jpg?type=w647","https://n.news.naver.com/mnews/article/016/0002232826?sid=104,https://n.news.naver.com/mnews/article/001/0014365174?sid=104"
104,"머스크, 광고주에 욕설 퍼붓는데 X CEO “명확한 관점 제시” 두둔",이어 “X는 일부 사람들에게는 불편한 정보 독립성을 구현하고 있다”며 “우리는 사람들이 스스로 결정을 내리게 하는 플랫폼”이라고 덧붙였다.야카리노 CEO는 또 “X는 언론의 자유와 메인 스트리트의 독특하고 놀라운 교차점에 서 있다”며 “우리의 의미 있는 일을 믿어주는 파트너들에게 감사하다”고 했다.머스크는 전날 일간 뉴욕타임스(NYT)의 ‘딜북 서밋 2023’ 공개 인터뷰에 참석해 최근 X의 반(反)유대주의 논란으로 광고를 중단한 기업들에 관해 얘기하던 중 욕설을 여러 차례 내뱉었다.,"https://imgnews.pstatic.net/image/081/2023/12/01/0003413097_001_20231201073401161.png?type=w647,https://imgnews.pstatic.net/image/016/2023/12/01/20231201000005_0_20231201054803832.jpg?type=w647","https://n.news.naver.com/mnews/article/081/0003413097?sid=104,https://n.news.naver.com/mnews/article/016/0002232666?sid=104"
104,"스캐퍼로티 전 연합 사령관, 남북 군사 합의 무력화에 ""긴장 커질 것""","커티스 스캐퍼로티 전 한미연합사령관(2013∼2016년 재임)은 9·19 남북군사합의(2018년)의 사실상 파기를 계기로 남북 간 경계 지역 주변에서 긴장 지수가 상승할 가능성이 있다고 전망했습니다.스캐퍼로티 전 사령관은 30일(현지시간) 워싱턴의 싱크탱크인 전략국제문제연구소(CSIS) 주최 온라인 대담에서 북한의 정찰위성 발사와, 남북군사합의에 대한 한국의 부분적 효력 정지 선언 및 북한의 사실상 전면 파기 선언 등 최근 일련의 변화가 ""남북군사합의 발효 이후 보지 못한 어느 정도의 긴장을 가져올 것""이라고 말했습니다.사실상의 남북군사합의 전면 파기 선언을 한 북한이 과거 군사합의에 따라 파괴했던 비무장지대(DMZ) 내 최전방 소초(GP)에 병력과 장비를 다시 투입하고 감시소를 설치 중인 상황과, 그에 대한 한국의 상응 조치가 긴장을 고조시킬 수 있음을 지적한 겁니다.스캐퍼로티 전 사령관은 남북군사합의에 대해 한국에서는 비행금지구역 설정으로 대북 정찰·감시 역량이 제한됐다는 지적이 제기되기도 했지만, 비무장지대(DMZ) 주변에 배치했던 북한 화기를 뒤로 물리게 하는 등의 효과도 있었다고 거론했습니다.그러면서 그는 DMZ와 북방한계선(NLL) 등 남북 간 육·해상 경계 지대 주변의 상호 무장 수준이 높아지면 ""그곳(남북간 육·해상 경계 지대 주변)에서 긴장이 커질 가능성이 있다""고 지적했습니다.또 빅터 차 CSIS 한국 석좌는 북한이 최근 정찰위성 발사에 성공하기까지 러시아의 기술 지원을 받은 것으로 의심되는 상황에 대해 ""빙산의 일각""일 것이라며 러시아의 대북 군사기술 제공에 우려를 표했습니다.이어 차 석좌는 북한이 러시아에 무기를 제공한 대가로 군사기술을 이전받는 상황을 막기 위해 대북, 대러 추가 제재로는 한계가 있다고 지적했습니다.북한이 러시아로부터 군사기술을 받지 않도록 하기 위해 대북 인센티브를 제공하거나 중국과 북한 문제 관련 공조를 강화하는 옵션이 있을 수 있지만 인센티브 제공은 대북 제재 기조 전체를 흔드는 일이 되고, 중국과의 공조 역시 여의치 않다고 그는 진단했습니다.(=연합뉴스, CSIS 유튜브 계정 캡처)","https://imgnews.pstatic.net/image/055/2023/12/01/0001110624_001_20231201042401132.jpg?type=w647,https://imgnews.pstatic.net/image/056/2023/12/01/0011613253_001_20231201024601140.jpg?type=w647","https://n.news.naver.com/mnews/article/055/0001110624?sid=104,https://n.news.naver.com/mnews/article/056/0011613253?sid=104"
104,첫 혼인신고 '동성 커플' 탄생한 네팔…남아시아 첫 사례,요약 실패,"https://imgnews.pstatic.net/image/057/2023/12/01/0001784235_001_20231201091701129.jpg?type=w647,https://imgnews.pstatic.net/image/021/2023/11/30/0002608254_001_20231130235201053.jpg?type=w647","https://n.news.naver.com/mnews/article/057/0001784235?sid=104,https://n.news.naver.com/mnews/article/021/0002608254?sid=104"
104,테슬라 1.66%-니콜라 3.72% 전기차 일제 급락(상보),"미국증시에서 그동안 많이 오른 빅테크 기업에 대한 차익 실현 매물이 나오면서 테슬라를 비롯, 미국 전기차가 일제히 하락했다.지난달 30일(현지시간) 뉴욕증시에서 테슬라는 1.66%, 리비안은 3.23%, 루시드는 3.21%, 니콜라는 3.72% 각각 급락했다.일단 테슬라가 2% 가까이 하락했다.
테슬라의 대항마로 불리는 리비안은 3.23% 급락한 16.76 달러를, 루시드는 3.21% 급락한 4.22 달러를, 니콜라는 3.72% 급락한 97센트를 각각 기록했다.","https://imgnews.pstatic.net/image/421/2023/12/01/0007209311_001_20231201070901423.jpg?type=w647,https://imgnews.pstatic.net/image/421/2023/12/01/0007209311_002_20231201070901469.jpg?type=w647,https://imgnews.pstatic.net/image/421/2023/12/01/0007209311_003_20231201070901512.jpg?type=w647,https://imgnews.pstatic.net/image/421/2023/12/01/0007209304_001_20231201064901410.jpg?type=w647","https://n.news.naver.com/mnews/article/421/0007209311?sid=104,https://n.news.naver.com/mnews/article/421/0007209304?sid=104"
104,"바이든, 키신저 애도 ""자주 이견 있었지만 심오한 전략적 초점은 분명""",요약 실패,"https://imgnews.pstatic.net/image/057/2023/12/01/0001784290_001_20231201105911526.jpg?type=w647,https://imgnews.pstatic.net/image/001/2023/12/01/PYH2023113005790034000_P4_20231201081706723.jpg?type=w647","https://n.news.naver.com/mnews/article/057/0001784290?sid=104,https://n.news.naver.com/mnews/article/001/0014365192?sid=104"
104,전국 지지율 60% 돌파 트럼프의 `독주`...공화 후보 토론도 불참,"CNN은 ""아이오와 코커스(내년 1월 15일)를 7주 남겨놓고 트럼프 전 대통령은 전국적으로나 초기 경선 지역에서나 모두 독주 체제를 굳혔다""며 ""4번에 걸쳐 91개 항목으로 기소됐어도 공화당 후보들은 그를 따라잡지 못하는 상황""이라고 지목했다.미국 정치분석사이트 '파이브서티에이트'(538·대통령 선거인단수를 의미함)에 따르면 이날 기준 트럼프 전 대통령의 전국 평균 지지율은 60%를 기록했다.디샌티스 주지사는 12.6%, 헤일리 전 대사는 9.5%로 각각 뒤를 잇고 있다.역대 대선 후보 당내 경선에서 이 같은 수준의 지지율을 기록한 사람은 1999년 당시 조지 W.","https://imgnews.pstatic.net/image/029/2023/12/01/0002840555_001_20231201070402803.jpg?type=w647,https://imgnews.pstatic.net/image/001/2023/12/01/PAP20231129187101009_P4_20231201011008163.jpg?type=w647","https://n.news.naver.com/mnews/article/029/0002840555?sid=104,https://n.news.naver.com/mnews/article/001/0014364992?sid=104"
104,"마이크로소프트 사장 ""인간 뛰어넘는 AI 출현 아직 멀었다""",지난주 인류를 뛰어넘을 수 있는 인공일반지능(AGI)의 발견이 샘 올트먼 CEO의 오픈AI 해임 촉매제 역할을 했다는 배경이 로이터를 통해 전해지면서 논란이 됐다.,"https://imgnews.pstatic.net/image/421/2023/12/01/0007210316_001_20231201131701407.jpg?type=w647,https://imgnews.pstatic.net/image/123/2023/12/01/0002322137_001_20231201105701193.jpg?type=w647","https://n.news.naver.com/mnews/article/421/0007210316?sid=104,https://n.news.naver.com/mnews/article/123/0002322137?sid=104"
105,정용진 신세계 부회장 “철저한 성과 중심 인사·보상 필요”,"반면 역성장을 했더라도 전반적인 경기 부진과 업계 침체 속 상대적으로 선방했다면 성과를 인정해주는 방향으로 평가 시스템을 정교화해야 한다고 전했다.정 부회장 “계열사별, 각 업무영역별로 정밀한 KPI를 수립해 성과를 낸 조직과 임직원에게는 확실한 보상을 뒷받침해주고, 그렇지 못한 조직과 임직원에게는 반드시 책임을 물을 수 있도록 해야 한다”고 덧붙였다.그래야 장기적으로 우수 인재를 육성하거나 영입할 수 있고, 이러한 우수 인재의 확보 여부는 그룹 미래를 좌우할 수 있을 정도로 중요한 문제이기 때문이다.신세게그룹 측은 “경영전략실은 정 부회장 주문에 따라 객관적이면서도 예측가능한 KPI 마련과 이에 따른 성과와 보상 역시 예측가능할 수 있도록 그룹 전반 인사 시스템 정교화에 나설 예정”이라고 전했다.","https://imgnews.pstatic.net/image/138/2023/11/30/0002162007_001_20231130154201256.jpg?type=w647,https://imgnews.pstatic.net/image/092/2023/11/30/0002313358_001_20231130155005743.jpg?type=w647","https://n.news.naver.com/mnews/article/138/0002162007?sid=105,https://n.news.naver.com/mnews/article/092/0002313358?sid=105"
105,수증기에서 1시간만에 수소 1000L를 뽑아낸다,"에너지기술연구원 고온수전해 스택 개발국내 소재·부품·설계 기술 적용해 국산화    한국에너지기술연구원 수소융복합소재연구실 김선동 박사팀이 고온에서 수증기를 전기분해해 1시간만에 청정수소를 생산하는 수전해장치를 개발했다.
차세대 수전해 기술로 꼽히는 고온수전해 기술은 수증기를 전기분해하는 방식이다.
#국산화 #수소 #수전해 #에너지기술연구원 #스택 #고체산화물 연료전지 #SOFC ","https://imgnews.pstatic.net/image/014/2023/11/30/0005108506_001_20231130170604300.jpg?type=w647,https://imgnews.pstatic.net/image/014/2023/11/30/0005108506_002_20231130170604342.jpg?type=w647,https://imgnews.pstatic.net/image/031/2023/11/30/0000792615_001_20231130142901054.jpg?type=w647,https://imgnews.pstatic.net/image/031/2023/11/30/0000792615_002_20231130142901079.jpg?type=w647","https://n.news.naver.com/mnews/article/014/0005108506?sid=105,https://n.news.naver.com/mnews/article/031/0000792615?sid=105"
105,날서린 인사 통해…한방 제대로 보여준 '재무통' 김영섭,"특히 김 대표가 춘추전국시대 ‘법가사상’으로 유명한 한비자의 저서를 취임 후 자주 읽었다는 점에서, KT 특유의 ‘온정주의’가 없는 이른바 법치에 기반한 대규모 물갈이 인사를 예상하는 이들도 많았다.━구조조정 전문가 김영섭...
현 정권 인사와 관련해 ‘MB 시절로 회귀한 것 같다’는 말이 나오는 만큼, 임 부사장 영입 또한 현 정권 코드에 맞춤한 인사라는 평가가 나온다.━구현모 지우기…재무·인사·전략은 CEO 직속으로이전 구현모 체제와 관련해서는 대규모 조직개편으로 확실한 판갈이 의지를 보여줬다.
김 대표가 LG구조조정 본부 상무 및 LG유플러스 CFO 등을 역임한 ‘조직관리·재무통’이라는 점에서 해당 조직을 자신이 직접 관리하겠다는 의지가 엿보인다.
김 부사장이 고려대 상경계 출신이라는 점에서 ‘고대 출신 중용설’이 나돌았지만 부사장 승진자 2명(이현석, 안창용)과 외부 영입 임원 4명(오승필, 임현규, 이용복, 정우진) 중 고려대 출신이 한명도 없다는 점이 눈에 띈다.","https://imgnews.pstatic.net/image/011/2023/12/01/0004268608_001_20231201060401019.png?type=w647,https://imgnews.pstatic.net/image/011/2023/12/01/0004268608_001_20231201060401019.png?type=w647","https://n.news.naver.com/mnews/article/011/0004268608?sid=105,https://n.news.naver.com/mnews/article/011/0004268608?sid=105"
105,게이머들이 싫어하는 '섭종' 걱정 싹…'불멸의 게임' 만든다 ,"김 대표는 당시 네이버 자회사 라인에서 병역특례 근무를 해야 했던 터라 게임 개발을 중단했다.
하지만 서 대표가 해당 게임을 바탕으로 블록체인 기반의 게임 엔진인 립플래닛을 만들면서 나인코퍼레이션(현재 플라네타리움랩스)을 창업했다.
A. 2020년 처음 게임이 나올 때 이용자가 1000명도 되지 않았습니다.
이용자가 게임을 오래 즐기는 경향이 있어요.
이용자가 차차 쌓여나가는 그런 특성이 있죠.Q. 게임에 매일 미션이 있나요?
게임에서 얻은 자산이 영원히 지속되고 실제 이용자의 자산이라는 인식이 있어서 계속하는 경향이 있는 것 같습니다.
Q. 국내 대기업이 만든 게임도 글로벌 이용자의 국가 분포 정도가 이렇게 나오는 경우가 드뭅니다.
A. 기본적으로 저희는 게임을 한국에서 출시를 못 하다 보니깐 글로벌 시장에 많이 집중을 했었요.
A. 저희가 한두 가지 정도 신경 쓴 건 있습니다.
두 번째로 저희는 좀 가벼운 게임을 만들려고 했어요.
저희는 기본적으로 그렇게 토큰 인플레이션으로 보상을 주도록 게임을 디자인하지 않았습니다.
기본적으로 이용자가 게임에서 시장 경제처럼 무기를 잘 만들고 그걸 팔아서 수익이 나오는 구조입니다.
Q. 웹3에서는 보통 이용자의 오너십이 강하다고 합니다.
A.기본적으로 나인 크로니클의 네트워크 레비뉴를 NCG 홀더(보유자)들이 받는 구조로 디자인했습니다.
게임 토큰인 NCG를 갖고 있다는 것은 기존 게임사 입장에서 보면 회사의 일부를 갖고 있는 것과 비슷한 것이라고 볼 수 있죠.
반면 나인 크로니클에서 NCG 홀더인 게임 이용자 그룹이 주도해 더 강화된 콘텐츠를 출시하라는 의견도 줍니다.
그런 식으로 이제 게임이 진행이 되니까 게임의 발전에 대해서 모두가 같이 고민하고 같이 잘 됐을 때 혜택을 좀 나눠 가지는 그런 문화가 정착이 되는 것 같아요.Q. 게임 개발 방향에서 중요한 결정도 NCG 보유자가 하나요?A.
Q. 게임 이용자 또는 NCG 보유자가 어느 정도 수준까지 게임에 영향을 줄 수 있나요?A.
기본적으로 나인 크로니클은 모든 것이 오픈 소스로 유지됐고 기술적인 관점에서는 모두가 뭔가 할 수 있을 정도로 오픈돼 있긴 합니다, 다만 게임 디자인 등은 RPG라는 게임 포맷으로 만들어졌기 때문에 완전히 다른 것으로 바꾸기는 어렵죠.
앞으로 나인 크로니클 게임 요소를 활용해 새로운 게임 네트워크를 출시할 수도 있을 겁니다.
이번 모바일 버전 출시를 기점으로 이런 것을 쉽게 할 수 있도록 준비하고 있어요.
누구나 나인 크로니클을 활용해 RPG 게임 쉽게 만들 수 있을 겁니다.
Q. 그정도면 이용자의 게임을 개조하는 수준이군요.A. 기본적으로 지금까지 업계의 게임 모딩(게임 개조)을 보면 오리지널 버전의 콘텐츠가 좋아서 어느 정도 대규모로 이용자가 있을 때 모딩에 대한 욕구도 올라오는 편이거든요.
그래서 나인 크로니클에서도 이용자가 이 게임을 좋아하고 뭔가 확장하고 싶은 동기가 생길 수 있도록 저희가 노력하고 있어요.
Q. 이용자가 게임 네트워크를 새로 만들 수 있다는 건가요?
Q. 이용자가 게임 네트워크를 만들게 되면 게임이 엄청 복잡해지는 건 아닐까요?A.
A. 저희가 처음으로 하는 겁니다.
열심히 하고 있습니다.
메인넷 발전 방향 등 최대한 탈중앙 방식으로 게임을 저희가 만들지만, 이것도 동의하지 않으면 게임 이용자가 자신만의 네트워크를 만들어서 발전시킬 수 있습니다.Q. 블록체인이 아니면 정말 구현하기 어려운 시스템이네요.
NCG를 일종의 IP 토큰으로 확장하려고 합니다.
나인크로니클이 잘 되면 나인크로니클의 후속작이 나올 수도 있고요.
저희는 이 권리를 최대한 NCG 반영하려고 합니다.
예를 들어 IP 부가 수익이 나오면 전체 NCG의 비중만큼 NCG 보유자가 가져가는 겁니다.
이용자의 서버 제작은 2~3개월 안에 가능할 겁니다.
아레나(이용자 간 전투)가 있고 그곳의 상금을 얻는 것이 중요하다고 볼 수도 있어요.
저희는 거기에 많이 투자하고 있어요.Q. 추가 콘텐츠 계획이 궁금합니다.
A.저희는 기본적으로 매출이 NCG 매각이나 스테이킹 리워드를 매각하는 것, 두 가지 정도입니다.
NCG 판매를 최소화하고 투자금을 최대한 재원으로 활용했습니다.
그래서 NCG는 일단 좀 두고 있습니다.
NCG는 직접 팔기보다는 NCG 스테이킹 리워드로 나온 것을 바탕으로 매출을 내려고 합니다.
이걸 시장에 매각해 수익을 내는 방식으로 가려고 합니다.
NCG 스테이킹 리워드를 통해 얻은 재료로 아이템을 제작해서 팝니다.
모바일 버전에서 판매하는 아이템 모두 원자재를 직접 모아서 제작하고 판매하는 겁니다.
그런데 저희가 완전 온체인을 지향하다 보니까 이 게임이 pc에서는 그렇게 무거운 규모는 아니었어요.
보통 게임 출시 한 달 후 잔류하는 이용자 비율이 2%만 넘어도 성공했다고 합니다.
모바일에서도 처음에는 충성 이용자 몇 천 명에서 시작해도 괜찮게 성장할 기회는 있을 겁니다.
벌스에이트라는 신규 게임을 개발하고 있습니다.
벌스라는 곳에서 이용자가 다양한 미니 게임 콘텐츠를 쉽게 만들 수 있고, 이용자는 벌스를 넘나들면서 게임을 즐기는 방식입니다.
누구나 게임을 쉽게 확장하고 변화시킬 수 있는 구조죠.
게임 이용과 창작이 자연스럽게 어우러지면서 새로운 경험을 주는 게임을 만들고 있습니다.","https://imgnews.pstatic.net/image/015/2023/12/01/0004920630_001_20231201135501031.jpg?type=w647,https://imgnews.pstatic.net/image/015/2023/12/01/0004920630_002_20231201135501071.jpg?type=w647,https://imgnews.pstatic.net/image/015/2023/12/01/0004920630_003_20231201135501116.jpg?type=w647,https://imgnews.pstatic.net/image/015/2023/12/01/0004920630_004_20231201135501157.jpg?type=w647,https://imgnews.pstatic.net/image/015/2023/12/01/0004920630_005_20231201135501192.jpg?type=w647",https://n.news.naver.com/mnews/article/015/0004920630?sid=105
105,"삼성, 내년 TV·스마트폰 생산 10% 늘린다","TV 3720만대·폰 2억6000만대반·디·부품업계 긍정 영향 주목삼성전자가 내년 TV와 스마트폰 생산을 올해보다 10% 정도 늘리는 방안을 추진하고 있다.
TV·스마트폰 회복이 새해 소재·부품·장비(소부장) 업계 훈풍으로 이어질지 주목된다.30일 업계에 따르면 삼성전자는 2024년 TV를 3720만대 생산할 방침인 것으로 파악됐다.
삼성전자는 내년도 사업계획을 최종 확정하진 않았지만 큰 틀에서 이같은 생산계획을 수립한 것으로 파악됐다.","https://imgnews.pstatic.net/image/030/2023/11/30/0003161824_001_20231201090001085.jpg?type=w647,https://imgnews.pstatic.net/image/030/2023/11/30/0003161824_002_20231201090001202.png?type=w647,https://imgnews.pstatic.net/image/030/2023/11/30/0003161824_003_20231201090001262.png?type=w647",https://n.news.naver.com/mnews/article/030/0003161824?sid=105
105,"세상에 없었던 신소재, AI가 찾는다…초전도체 소재도 찾을까","차세대 배터리, 청정에너지, 초전도체 등에 필요한 신소재 개발 속도를 크게 앞당길 것으로 기대된다.
딥마인드는 안정적일 것으로 예측되는 38만 1000개의 화합물 데이터를 연구소에 제공해 AI와 로봇공학의 결합을 통한 신소재 개발에 나설 예정이다.
이는 배터리, 초전도체, 촉매 등의 소재를 찾는 데 큰 힘을 실어줄 것으로 기대된다.",https://imgnews.pstatic.net/image/584/2023/11/30/0000025122_001_20231130170801593.gif?type=w647,https://n.news.naver.com/mnews/article/584/0000025122?sid=105
105, 미·유럽 우주자원 개발 리더들 “제2의 석유·가스가 달에 있다”,"이들은 한국도 우주 자원 개발에 적극적으로 참여해야 한다고 조언했다.제럴드 샌더스(Gerald Sanders) 미 항공우주국(NASA) 우주현지자원활용(ISRU) 총책임자와 캐서린 해들러(Kathryn Hadler) 유럽우주자원센터(ESRIC) 원장, 클리브 닐(Clive Neal) 미국 노트르담대 지질과학과 교수는 지난 11월 29일 대전 기초과학연구원 과학문화센터에서 열린 ‘우주자원 국제워크숍’에서 조선비즈와 인터뷰하며 우주 자원의 가능성을 설명했다.이들은 우주 자원 분야에서 세계적인 전문가로 미국과 유럽의 우주 자원 연구개발 방향을 결정하는 핵심 인물이다.
샌더스 NASA ISRU 총책임자는 “우리가 하는 일은 지구에 투자하는 것은 아니지만, 적어도 수십 배의 투자 수익을 거둘 수 있다”며 “우주가 우리에게 주는 어려움이 새로운 기술을 만들도록 이끄는 것도 경제적 기회를 창출할 수 있는 동력이 된다”고 말했다.룩셈부르크우주국(LSA)은 우주 자원 산업에서 2045년까지 최대 1700억유로(약 241조원)의 수익을 창출할 수 있을 것이라는 전망을 내놨다.
샌더스 NASA ISRU 총책임자는 “우주청에는 인간의 탐험과 과학, 기술이라는 세 가지 요소 외에도 경제라는 측면도 고려해야 한다”며 “특히 스페이스X나 블루 오리진과 같은 기업들을 봤을 때, 경제적 생존과 일반인들에 대한 파급효과를 고려할 줄 아는 조직이 돼야 한다”고 설명했다.공동 연구 협의를 이끈 김경자 지질연 우주자원개발센터장은 우주 자원 개발에 기업들의 러시가 이어질 것으로 보이는 만큼 한국도 더 적극적으로 국제 협력에 참여해야 한다고 강조했다.","https://imgnews.pstatic.net/image/366/2023/11/30/0000951633_001_20231130170601391.jpg?type=w647,https://imgnews.pstatic.net/image/366/2023/11/30/0000951633_002_20231130170601433.png?type=w647,https://imgnews.pstatic.net/image/366/2023/11/30/0000951633_003_20231130170601477.jpg?type=w647",https://n.news.naver.com/mnews/article/366/0000951633?sid=105
105, 홍은택 “‘카카오 IDC 비리 의혹’ 감사..결과 예단하지 말길”,"30일 업계에 따르면 홍 대표는 사내 공지를 통해 “안산 데이터센터, 서울 아레나, 제주 ESG 센터 등의 건설과정과 브랜든이 제기한 다른 의혹에 대해서 카카오 공동체 준법경영실과 법무법인을 중심으로 조사단을 꾸려서 감사에 착수했다”고 밝혔다.
다만 그는 “조사결과가 나올 때까지 기다려주길 당부한다”며 “그동안 감사나 조사결과를 예단해서 얘기하는 일은 없었으면 한다”고 강조했다.
조사결과가 나올 때까지 기다려주시기 당부드리고,  그동안 감사나 조사결과를 예단해서 얘기하는 일은 없었으면 합니다.",https://imgnews.pstatic.net/image/014/2023/11/30/0005108499_001_20231130164902803.jpg?type=w647,https://n.news.naver.com/mnews/article/014/0005108499?sid=105
105,"‘창세기전’, 과한 기대 없지만 큰 실망도 없다","최근 사전 체험판이 공개된 이후 게임 팬들의 혹평을 받았지만 실제 출시 버전인 제품판의 경우 상당히 개선된 모습을 보여줄 예정이다.‘창세기전’의 개발사 레그스튜디오의 이세민 디렉터는 “체험판의 경우 2월 달 버전으로 당시에는 제품판을 빠르게 발매하려고 했다”라며 “일정상 제품판에서 다시 작업하기가 어려워 2월 초에 작업한 것을 공개했는데 다른 게임에 비해 관심도가 높다는 것을 알았고 느낀점도 많다”라고 설명했다.
이어 “제품판의 경우 편의성 부분은 물론 광원 효과, 그래픽 옵션 제공 등으로 크게 개선했다”라며 “기본 전투 속도도 체험판의 1.6배속으로 바꾸고 가속 모드에서는 2.0배속을 지원한다”라고 강조했다.‘창세기전’의 서비스사인 라인게임즈는 지난 28일과 29일 양일간 개발사 레그스튜디오와 함께 실제 제품판을 미리 체험할 수 있는 시연 행사를 개최했다.
월드맵 이동시에 전투를 통해 소모된 체력도 모두 회복된다.이 디렉터는 “체험판은 너무 클래식해 편의성 부분을 우선 개선했다”라며 “캐릭터를 선택하고 이동하고 스킬을 선택하는 ‘뎁스’를 다 뺐고 장비 교체가 가능하거나 전투 이후 체력이 회복되는 등 전반적으로 바꿨다”라고 강조했다.전반적인 전투 플레이는 SRPG의 기본에 충실했다.
미션 지역에서는 필드를 돌아다니며 여러 적과 조우하고 대시나 회피, 공격 등의 액션을 통해 전투를 선택할 수 있다.
적에게 공격당했을 경우 일정량의 피해를 입고 우선권도 내주기 때문에 반드시 적을 먼저 공격해 전투단계로 진입해야 한다.이 디렉터는 “체험판과 달리 제품판은 공격 도중 회피나 대시를 사용할 수 있어 적을 맞추지 못했을 때도 피할 수 있다”라며 “회피에 완전 무적 기능을 부여했고 대시도 거리를 늘렸으며 적의 인공지능도 변경해 좀 더 수월할 것”이라고 덧붙였다.현재 라인게임즈와 레그스튜디오는 12월 22일 출시와 함께 데이원 패치도 준비하고 있다.
체험판과 다른 제품판 영상도 공개해 개선된 부분도 확인할 수 있도록 한다.이 디렉터는 “노멀 난이도 기준 플레이 타임은 70~80시간 정도 생각하고 있고 원작에서 후반부에 다소 빠르게 지나가는 부분도 많았는데 후반부로 갈수록 연출이나 스케일이 커지고 챕터에서 챕터를 넘어갈때 영상 등을 활용해 복선도 회수하고 지나간 내용도 복기할 수 있게 했다”라며 “42개 챕터를 꽉 채워놨고 지난 스테이지를 다시 반복할 수 없지만 협공 경험치 공식 등을 활용해 충분히 레벨을 많이 높일 수도 있다”라고 강조했다.이어 “체험판 공개 이후 모든 의견을 수긍하는 것은 아니지만 원작을 해보시고 체험판을 즐겨본 팬들의 이야기는 다 리스트를 만들어 반영하고 있다”라며 “‘창세기전’이라는 IP(지식재산권)에 정말 많은 분이 관심을 주시고 좋아하는 것을 느꼈고 걱정을 끼쳐드렸는데 정말 체험판과는 다르다고 느낄 수 있도록 노력하겠다.","https://imgnews.pstatic.net/image/009/2023/11/30/0005223210_001_20231130164001022.jpg?type=w647,https://imgnews.pstatic.net/image/009/2023/11/30/0005223210_002_20231130164001059.jpg?type=w647,https://imgnews.pstatic.net/image/009/2023/11/30/0005223210_003_20231130164001094.jpg?type=w647,https://imgnews.pstatic.net/image/009/2023/11/30/0005223210_004_20231130164001131.jpg?type=w647,https://imgnews.pstatic.net/image/009/2023/11/30/0005223210_005_20231130164001166.jpg?type=w647",https://n.news.naver.com/mnews/article/009/0005223210?sid=105
105,"""스마트문서 AI 기업으로 진화""…한글과컴퓨터 기대감↑",목표주가로는 2만1000원을 제시했다.이 연구원은 한컴의 4분기 매출액이 전년 동기 대비 18.1% 증가한 893억원을 기록할 것으로 전망했다.,https://imgnews.pstatic.net/image/138/2023/11/30/0002162021_001_20231130163607062.jpg?type=w647,https://n.news.naver.com/mnews/article/138/0002162021?sid=105
106,"24K+ 임찬, 넘치는 훈훈함 "," KBS 2TV ‘뮤직뱅크’ 리허설이 12월 1일 오전 서울 영등포구 여의도동 KBS 신관에서 열렸다.이날 가수 24K+ (투포케이플러스),ATBO,ATEEZ(에이티즈),ENHYPEN(엔하이픈),FANTASY BOYS,LUN8wave (루네이브),MCND,SUPERKIND (슈퍼카인드),WHIB,YAO CHEN,골든걸스,남우현,다크비(DKB),라스 (LAS),로아(Roa),방예담,앰퍼샌드원 (AMPERS&ONE),이스트샤인(EASTSHINE)등이 리허설에 참석하고 있다.","https://mimgnews.pstatic.net/image/609/2023/12/01/202312011241271510_1_20231201124204735.jpg?type=w540,https://ssl.pstatic.net/mimgnews/image/609/2023/12/01/202312011239441510_1_20231201124102526.jpg?type=w540,https://mimgnews.pstatic.net/image/609/2023/12/01/202312011238281510_1_20231201123902234.jpg?type=w540,https://ssl.pstatic.net/mimgnews/image/609/2023/12/01/202312011236401510_1_20231201123704201.jpg?type=w540,https://ssl.pstatic.net/mimgnews/image/609/2023/12/01/202312011235371510_1_20231201123604490.jpg?type=w540,https://ssl.pstatic.net/mimgnews/image/609/2023/12/01/202312011233431510_1_20231201123406221.jpg?type=w540,https://mimgnews.pstatic.net/image/609/2023/12/01/202312011232421510_1_20231201123302511.jpg?type=w540,https://ssl.pstatic.net/mimgnews/image/609/2023/12/01/202312011231401510_1_20231201123204485.jpg?type=w540,https://ssl.pstatic.net/mimgnews/image/609/2023/12/01/202312011230461510_1_20231201123102110.jpg?type=w540,https://ssl.pstatic.net/mimgnews/image/609/2023/12/01/202312011229451510_1_20231201123004615.jpg?type=w540,https://ssl.pstatic.net/mimgnews/image/609/2023/12/01/202312011228401510_1_20231201122904401.jpg?type=w540,https://ssl.pstatic.net/mimgnews/image/609/2023/12/01/202312011227301510_1_20231201122806427.jpg?type=w540,https://mimgnews.pstatic.net/image/609/2023/12/01/202312011225461510_1_20231201122702287.jpg?type=w540","https://entertain.naver.com/now/read?oid=609&aid=0000798545,https://entertain.naver.com/now/read?oid=609&aid=0000798544,https://entertain.naver.com/now/read?oid=609&aid=0000798543,https://entertain.naver.com/now/read?oid=609&aid=0000798542,https://entertain.naver.com/now/read?oid=609&aid=0000798540,https://entertain.naver.com/now/read?oid=609&aid=0000798539,https://entertain.naver.com/now/read?oid=609&aid=0000798537,https://entertain.naver.com/now/read?oid=609&aid=0000798536,https://entertain.naver.com/now/read?oid=609&aid=0000798535,https://entertain.naver.com/now/read?oid=609&aid=0000798534,https://entertain.naver.com/now/read?oid=609&aid=0000798533,https://entertain.naver.com/now/read?oid=609&aid=0000798531,https://entertain.naver.com/now/read?oid=609&aid=0000798529"
106,"정경호♥ 최수영,'사랑스러운 하트'", 가수 겸 배우 최수영이 1일 서울 마포구 합정동에 위치한 한 매장에서 브랜드 콜 행사에 참석했다.최수영이 포즈를 취하고 있다. 2023.12.01 / ,"https://mimgnews.pstatic.net/image/109/2023/12/01/0004976455_001_20231201122708615.jpg?type=w540,https://ssl.pstatic.net/mimgnews/image/109/2023/12/01/0004976454_001_20231201122706637.jpg?type=w540,https://ssl.pstatic.net/mimgnews/image/109/2023/12/01/0004976453_001_20231201122704821.jpg?type=w540,https://mimgnews.pstatic.net/image/109/2023/12/01/0004976452_001_20231201122702831.jpg?type=w540,https://ssl.pstatic.net/mimgnews/image/109/2023/12/01/0004976451_001_20231201122622882.jpg?type=w540,https://ssl.pstatic.net/mimgnews/image/109/2023/12/01/0004976450_001_20231201122620626.jpg?type=w540,https://ssl.pstatic.net/mimgnews/image/109/2023/12/01/0004976449_001_20231201122618604.jpg?type=w540,https://mimgnews.pstatic.net/image/109/2023/12/01/0004976448_001_20231201122616564.jpg?type=w540,https://mimgnews.pstatic.net/image/109/2023/12/01/0004976447_001_20231201122614718.jpg?type=w540,https://ssl.pstatic.net/mimgnews/image/109/2023/12/01/0004976446_001_20231201122612692.jpg?type=w540,https://ssl.pstatic.net/mimgnews/image/109/2023/12/01/0004976445_001_20231201122610802.jpg?type=w540","https://entertain.naver.com/now/read?oid=109&aid=0004976455,https://entertain.naver.com/now/read?oid=109&aid=0004976454,https://entertain.naver.com/now/read?oid=109&aid=0004976453,https://entertain.naver.com/now/read?oid=109&aid=0004976452,https://entertain.naver.com/now/read?oid=109&aid=0004976451,https://entertain.naver.com/now/read?oid=109&aid=0004976450,https://entertain.naver.com/now/read?oid=109&aid=0004976449,https://entertain.naver.com/now/read?oid=109&aid=0004976448,https://entertain.naver.com/now/read?oid=109&aid=0004976447,https://entertain.naver.com/now/read?oid=109&aid=0004976446,https://entertain.naver.com/now/read?oid=109&aid=0004976445"
106,뮤직뱅크 출근하는 대륙의 아이돌 야오천(YAOCHEN), 1일 오전 서울 여의도 KBS에서 ‘뮤직뱅크’ 녹화가 진행됐다.중국가수 야오천(YAOCHEN)이 포즈를 취하고 있다. 2023.12.01 / ,"https://mimgnews.pstatic.net/image/109/2023/12/01/0004976499_001_20231201124817507.jpg?type=w540,https://ssl.pstatic.net/mimgnews/image/109/2023/12/01/0004976496_001_20231201124811653.jpg?type=w540,https://mimgnews.pstatic.net/image/109/2023/12/01/0004976495_001_20231201124809661.jpg?type=w540,https://ssl.pstatic.net/mimgnews/image/109/2023/12/01/0004976494_001_20231201124807722.jpg?type=w540,https://mimgnews.pstatic.net/image/109/2023/12/01/0004976493_001_20231201124805622.jpg?type=w540","https://entertain.naver.com/now/read?oid=109&aid=0004976499,https://entertain.naver.com/now/read?oid=109&aid=0004976496,https://entertain.naver.com/now/read?oid=109&aid=0004976495,https://entertain.naver.com/now/read?oid=109&aid=0004976494,https://entertain.naver.com/now/read?oid=109&aid=0004976493"
106,"ATBO(에이티비오) 오준석,'기분 좋은 미소'", 1일 오전 서울 여의도 KBS에서 ‘뮤직뱅크’ 녹화가 진행됐다.그룹 ATBO(에이티비오) 오준석이 포즈를 취하고 있다. 2023.12.01 / ,"https://ssl.pstatic.net/mimgnews/image/109/2023/12/01/0004976539_001_20231201131612629.jpg?type=w540,https://ssl.pstatic.net/mimgnews/image/109/2023/12/01/0004976538_001_20231201131610544.jpg?type=w540,https://mimgnews.pstatic.net/image/109/2023/12/01/0004976537_001_20231201131608411.jpg?type=w540,https://mimgnews.pstatic.net/image/109/2023/12/01/0004976536_001_20231201131605253.jpg?type=w540","https://entertain.naver.com/now/read?oid=109&aid=0004976539,https://entertain.naver.com/now/read?oid=109&aid=0004976538,https://entertain.naver.com/now/read?oid=109&aid=0004976537,https://entertain.naver.com/now/read?oid=109&aid=0004976536"
106,"주우재, 'YG 부심' 내려놓게 만든 JYP 구내식당 특식은?(놀뭐?)","'놀면 뭐하니?' JS엔터 원탑 멤버들이 JYP엔터 구내식당을 싹쓸이한다.12월 2일 방송되는 MBC '놀면 뭐하니?'(연출 김진용, 장우성, 장효종, 왕종석/작가 최혜정)에서는 원탑(JS(유재석), 하하, 올드케이(김종민), 주우재, 이이경, 영케이)이 막내 영케이가 자랑한 JYP 구내식당 '집밥(JYP BOB)'을 찾는 모습이 그려진다.공개된  속에는 영케이의 가이드를 받으며 JYP 구내식당을 구경하는 원탑의 모습이 담겨 있다.","https://mimgnews.pstatic.net/image/408/2023/12/01/0000208100_001_20231201134104598.jpg?type=w540,https://ssl.pstatic.net/mimgnews/image/076/2023/12/01/2023120201000068600005991_20231201132702708.jpg?type=w540,https://mimgnews.pstatic.net/image/144/2023/12/01/0000929089_001_20231201132201307.png?type=w540,https://mimgnews.pstatic.net/image/112/2023/12/01/202312011314362436726_20231201131600_01_20231201131801299.jpg?type=w540","https://entertain.naver.com/now/read?oid=408&aid=0000208100,https://entertain.naver.com/now/read?oid=076&aid=0004084885,https://entertain.naver.com/now/read?oid=144&aid=0000929089,https://entertain.naver.com/now/read?oid=112&aid=0003667849"
106,"남윤수, 초등학생 때부터 요리한 실력자…양파김치→새우장은 기본('편스토랑')","‘신상출시 편스토랑’ 남윤수의 어린시절 이 대방출된다.12월 1일 방송되는 KBS 2TV ‘신상출시 편스토랑’(이하 ‘편스토랑’)에서는 최연소 아기 편셰프 97윤수, 남윤수의 탄탄한 요리 내공 비결이 공개된다.
“정말 훌륭한 청년일세”, “97년생이 어떻게 이렇게 요리를 잘해?”라는 감탄이 쏟아진 남윤수의 일상 속 반전 매력이 시청자를 사로잡을 전망이다.이날 공개되는 VCR 속 남윤수는 전통시장에서 가격을 일일이 비교하며 알뜰하게 구입한 각종 식재료로 다양한 요리를 했다.
남윤수의 어린시절 을 본 ‘편스토랑’ 식구들은 “너무 귀엽다”, “그대로다”, “정말 똑같다”라고 감탄했다.","https://ssl.pstatic.net/mimgnews/image/312/2023/12/01/0000639019_001_20231201134601358.jpg?type=w540,https://ssl.pstatic.net/mimgnews/image/144/2023/12/01/0000929090_001_20231201133701208.png?type=w540,https://mimgnews.pstatic.net/image/112/2023/12/01/202312011302222415479_20231201130328_01_20231201130801303.jpg?type=w540,https://mimgnews.pstatic.net/image/609/2023/12/01/202312011247266310_1_20231201125102792.jpg?type=w540","https://entertain.naver.com/now/read?oid=312&aid=0000639019,https://entertain.naver.com/now/read?oid=144&aid=0000929090,https://entertain.naver.com/now/read?oid=112&aid=0003667848,https://entertain.naver.com/now/read?oid=609&aid=0000798548"
106,"세븐틴, 올해만 1600만장 판매고→첫 대상..어떻게 '음악의 신'이 됐나",요약 실패,"https://mimgnews.pstatic.net/image/109/2023/12/01/0004976548_001_20231201135503501.jpg?type=w540,https://ssl.pstatic.net/mimgnews/image/109/2023/12/01/0004976548_002_20231201135503518.jpg?type=w540,https://mimgnews.pstatic.net/image/144/2023/12/01/0000929092_001_20231201134404932.jpg?type=w540,https://ssl.pstatic.net/mimgnews/image/112/2023/12/01/202312011339342520734_20231201134054_01_20231201134401286.jpg?type=w540,https://mimgnews.pstatic.net/image/112/2023/12/01/202312011339342520734_20231201134106_01_20231201134401290.jpg?type=w540,https://mimgnews.pstatic.net/image/312/2023/12/01/0000639017_001_20231201134201359.jpg?type=w540,https://ssl.pstatic.net/mimgnews/image/312/2023/12/01/0000639017_002_20231201134201414.jpg?type=w540","https://entertain.naver.com/now/read?oid=109&aid=0004976548,https://entertain.naver.com/now/read?oid=144&aid=0000929092,https://entertain.naver.com/now/read?oid=112&aid=0003667855,https://entertain.naver.com/now/read?oid=312&aid=0000639017"
106,"한혜진, 50세 결혼 선언에…母 ""시골에 착한 총각 많다"" 중매 제안","화기애애하게 시작한 고추장 담그기는 '모녀 전쟁'으로 발전해버렸다고 해 사건의 결말에 관심이 쏠린다.한혜진 모녀의 '고추장 대첩'은 '결혼 전쟁'으로까지 이어져 모녀간 긴장감이 맴돈다.한혜진의 어머니는 딸에게 ""홍천에 집 지어 놓고 왔다 갔다 하다가 세월 다 간다"", ""이미 시집은 물 건너간 거냐"" 등 '기승전-결혼' 잔소리를 퍼붓는다.이를 참지 못한 한혜진은 급기야 ""2033년에 결혼하겠다""고 선언해 어머니를 뒷목 잡게 만든다.","https://mimgnews.pstatic.net/image/008/2023/12/01/0004968869_001_20231201131208595.jpg?type=w540,https://ssl.pstatic.net/mimgnews/image/008/2023/12/01/0004968869_002_20231201131208650.jpg?type=w540,https://mimgnews.pstatic.net/image/008/2023/12/01/0004968869_003_20231201131208793.jpg?type=w540,https://mimgnews.pstatic.net/image/076/2023/12/01/2023120101000066400004971_20231201124205182.jpg?type=w540,https://ssl.pstatic.net/mimgnews/image/109/2023/12/01/0004976457_001_20231201122906981.jpg?type=w540,https://mimgnews.pstatic.net/image/109/2023/12/01/0004976457_002_20231201122906990.jpg?type=w540","https://entertain.naver.com/now/read?oid=008&aid=0004968869,https://entertain.naver.com/now/read?oid=076&aid=0004084866,https://entertain.naver.com/now/read?oid=109&aid=0004976457"
106,"아르테미스, 'The Carol 3.0' 베일 벗는다…설렘 가득 '겨울 감성'","인트로만 들어도 설레는 'The Carol 3.0'!""이라며 ""저희 아르테미스와 함께 행복하고 따뜻한 크리스마스 보내자""라고 기대를 당부했다.한편 아르테미스는 이달의 소녀 멤버인 희진, 김립, 진솔, 최리, 하슬이 모드하우스에 합류해 탄생시킨 새로운 그룹이다.김립, 진솔, 최리로 구성된 오드아이써클은 'Version Up'을 발매, 타이틀곡 'Air Force One'으로 활동했으며 유럽 투어 'Volume Up'까지 성황리에 마무리했다.","https://ssl.pstatic.net/mimgnews/image/030/2023/12/01/0003162078_001_20231201135201079.jpg?type=w540,https://mimgnews.pstatic.net/image/014/2023/12/01/0005108906_001_20231201134804005.jpg?type=w540,https://mimgnews.pstatic.net/image/109/2023/12/01/0004976523_001_20231201125914743.jpg?type=w540","https://entertain.naver.com/now/read?oid=030&aid=0003162078,https://entertain.naver.com/now/read?oid=014&aid=0005108906,https://entertain.naver.com/now/read?oid=109&aid=0004976523"
106,"록킹돌 로아,'예쁜 꽃이 피었습니다'", 1일 오전 서울 여의도 KBS에서 ‘뮤직뱅크’ 녹화가 진행됐다.가수 로아가 포즈를 취하고 있다. 2023.12.01 / ,"https://mimgnews.pstatic.net/image/109/2023/12/01/0004976500_001_20231201124902644.jpg?type=w540,https://ssl.pstatic.net/mimgnews/image/109/2023/12/01/0004976498_001_20231201124815665.jpg?type=w540,https://ssl.pstatic.net/mimgnews/image/109/2023/12/01/0004976497_001_20231201124813622.jpg?type=w540","https://entertain.naver.com/now/read?oid=109&aid=0004976500,https://entertain.naver.com/now/read?oid=109&aid=0004976498,https://entertain.naver.com/now/read?oid=109&aid=0004976497"
107,"장애인체육회, 우미희망재단과 4일까지 '동계 스포츠 캠프' 개최","강원도 일원에서 동계 5종목 체험·특강 진행 대한장애인체육회가 5일 동안 '2023 기초종목 동계 스포츠 캠프'를 진행한다.
기초종목 스포츠캠프는 차세대 장애인선수 발굴, 육성을 위해 지난 2017년 12월 동계 캠프를 시작으로 매년 열리고 있다.","https://imgnews.pstatic.net/image/421/2023/12/01/0007210387_001_20231201134601464.jpg?type=w647,https://imgnews.pstatic.net/image/003/2023/12/01/NISI20231201_0001426411_web_20231201110546_20231201110805132.jpg?type=w647,https://imgnews.pstatic.net/image/021/2023/12/01/0002608321_001_20231201111001035.jpg?type=w647,https://imgnews.pstatic.net/image/001/2023/12/01/AKR20231201061800007_01_i_P4_20231201104811234.jpg?type=w647","https://sports.news.naver.com/news?oid=421&aid=0007210387,https://sports.news.naver.com/news?oid=003&aid=0012242888,https://sports.news.naver.com/news?oid=021&aid=0002608321,https://sports.news.naver.com/news?oid=001&aid=0014365679"
107,"'알파인 스키 간판' 정동현, 中 FIS 컵 남자 회전 우승",FIS 월드컵에서도 2017년 자그레브 대회 14위로 한국인 최고 성적을 보유하고 있다.여자부 경기에서는 스미스 미카엘라(뉴질랜드)가 1분21초58로 우승했다.,"https://imgnews.pstatic.net/image/421/2023/12/01/0007209655_001_20231201095404937.jpg?type=w647,https://imgnews.pstatic.net/image/003/2023/12/01/NISI20231201_0001426216_web_20231201085747_20231201091519173.jpg?type=w647,https://imgnews.pstatic.net/image/445/2023/12/01/0000162669_001_20231201000603468.jpg?type=w647","https://sports.news.naver.com/news?oid=421&aid=0007209655,https://sports.news.naver.com/news?oid=003&aid=0012242492,https://sports.news.naver.com/news?oid=445&aid=0000162669"
107,"프로당구 조재호, 8개월 만에 우승…통산 4승","조재호는 지난달 30일 오후 강원도 정선군 하이원 그랜드호텔에서 열린 하이원리조트 PBA-LPBA 챔피언십 PBA 결승전에서 에디 레펀스(벨기에·SK렌터카)를 세트 점수 4-1로 꺾었다.
조재호는 ""이제 무조건 팀 리그만 본다.","https://imgnews.pstatic.net/image/425/2023/12/01/2023120109301207835a5b6bbcc6e11634136173_20231201093201492.jpg?type=w647,https://imgnews.pstatic.net/image/654/2023/12/01/0000059229_001_20231201092401685.jpg?type=w647,https://imgnews.pstatic.net/image/001/2023/12/01/AKR20231201028100007_01_i_P4_20231201084423459.jpg?type=w647","https://sports.news.naver.com/news?oid=425&aid=0000145771,https://sports.news.naver.com/news?oid=654&aid=0000059229,https://sports.news.naver.com/news?oid=001&aid=0014365245"
107,"정동현,  FIS컵 알파인 스키 남자 회전 우승","정동현은 11월 30일 중국 허베이성 장자커우의 완룽 리조트에서 열린 FIS컵 알파인 스키 남자 회전 경기에서 1, 2차 시기 합계 1분 16초 67을 기록해 1위를 차지했다.","https://imgnews.pstatic.net/image/425/2023/12/01/2023120113063303431a5b6bbcc6e11634136173_20231201130801505.jpg?type=w647,https://imgnews.pstatic.net/image/001/2023/12/01/AKR20231201069500007_01_i_P4_20231201112320349.jpg?type=w647","https://sports.news.naver.com/news?oid=425&aid=0000145782,https://sports.news.naver.com/news?oid=001&aid=0014365787"
107,"‘지속 가능한 학교 체육을 바라며’ 학교체육진흥포럼, 6일 올림픽파크텔에서 개최","학교 체육 교육의 방향과 비전, 실현 가능한 학교 스포츠 강화 방안을 논의하는 포럼이 열린다.대한체육회는 오는 6일 오후 2시부터 서울올림픽파크텔에서 ‘2023 학교체육진흥포럼’을 개최한다.
급격한 지구 환경 변화, 숱한 국제사회 사건과 사고, 빠르게 변하는 사회 트렌드 등에 맞춰 체육교육이 추구할 방향, 한국 사회 속에서 시도할만한 학교 스포츠 강화 방안 등이 논의되는 자리다.오정훈 서울특별시 동작관악교육지원청 교육장이 ‘대전환 시대 지속가능한 학교체육의 비전과 방향’이라는 주제로 처음으로 발제한다.","https://imgnews.pstatic.net/image/032/2023/12/01/0003264779_001_20231201112601079.jpg?type=w647,https://imgnews.pstatic.net/image/144/2023/12/01/0000929068_001_20231201112501250.jpg?type=w647","https://sports.news.naver.com/news?oid=032&aid=0003264779,https://sports.news.naver.com/news?oid=144&aid=0000929068"
107,"""마카체프는 내가 잡는다""...다리우쉬 vs 사루키안, 라이트급 차기 대권 주자 격돌","UFC 라이트급(70.3kg) 챔피언 이슬람 마카체프(32∙러시아)를 노리는 두 강자들이 격돌한다.
UFC 라이트급 랭킹 4위 베닐 다리우쉬(34∙미국)는 오는 3일(이하 한국시간) 미국 텍사스주 오스틴 무디 센터에서 열리는 'UFC 파이트 나이트: 다리우쉬 vs 사루키안' 메인 이벤트 5라운드 경기에서 8위 아르만 사루키안(27∙아르메니아/러시아)과 맞붙는다.
다리우쉬는 사실상 타이틀 도전자 결정전이었던 직전 경기에서 전 챔피언 찰스 올리베이라에게 TKO패했다.
'UFC 파이트 나이트: 다리우쉬 vs 사루키안' 메인카드는 오는 3일 오전 9시부터 tvN SPORTS와 티빙(TVING)을 통해 생중계된다.","https://imgnews.pstatic.net/image/139/2023/12/01/0002194174_001_20231201120901215.jpg?type=w647,https://imgnews.pstatic.net/image/139/2023/12/01/0002194174_002_20231201120901251.jpg?type=w647,https://imgnews.pstatic.net/image/139/2023/12/01/0002194174_003_20231201120901261.jpg?type=w647,https://imgnews.pstatic.net/image/241/2023/12/01/0003316235_001_20231201054601323.jpeg?type=w647,https://imgnews.pstatic.net/image/241/2023/12/01/0003316235_002_20231201054601367.jpeg?type=w647,https://imgnews.pstatic.net/image/241/2023/12/01/0003316235_003_20231201054601406.jpeg?type=w647","https://sports.news.naver.com/news?oid=139&aid=0002194174,https://sports.news.naver.com/news?oid=241&aid=0003316235"
107,"'시즌 첫 우승' 조재호, 8개월만에 PBA 정상 복귀...최단기간 4회 우승 기록 달성","조재호는 첫 우승으로부터 4회 우승까지 521일(17개월3일)이 걸렸다.조재호 / =PBA 제공선공을 가르는 뱅킹서 레펀스가 승리해 초구를 잡았지만, 세트는 조재호가 가져갔다.
조재호는 2:0으로 앞선 2이닝째 하이런 5점, 7이닝째 하이런 7점으로 단숨에 14점에 도달했고, 8이닝째 1득점으로 15점을 채워 5득점에 그친 레펀스에 15:5, 세트스코어 2:0으로 앞서가기 시작했다.3세트는 레펀스가 한 세트를 만회했다.
그러나 조재호는 기회를 놓치지 않고 한 번에 5득점을 내 15:11로 세트를 승리, 경기를 마무리했다.
세트스코어 4:1 조재호 우승.조재호는 이번 대회서 패배 직전 위기를 두 번이나 뒤집고 결승에 올랐다.","https://imgnews.pstatic.net/image/139/2023/12/01/0002194157_001_20231201122005930.jpg?type=w647,https://imgnews.pstatic.net/image/139/2023/12/01/0002194157_002_20231201122005945.jpg?type=w647,https://imgnews.pstatic.net/image/119/2023/12/01/0002774941_001_20231201080301211.jpeg?type=w647","https://sports.news.naver.com/news?oid=139&aid=0002194157,https://sports.news.naver.com/news?oid=119&aid=0002774941"
107,"국민체육진흥공단, 2023 사행산업 건전화․중독치유 포럼 공동 개최","한국도박문제예방치유원, 한국형사․법무정책연구원, 경찰청 등 청소년 도박문제와 사행산업 운영에 대한 분야별 전문가들이 주제에 대한 심도 있는 논의와 해법을 모색하는 시간을 가졌다.이홍복 경륜경정총괄본부장은 기념사에서 ""정보통신기술 발달에 따른 ‘온택트’ 시대를 계기로 온라인 불법 도박시장의 규모가 나날이 커지고 있다.
종합토론자로 나선 정철락 국민체육진흥공단 경륜경정사업본부장은 ""현행 유병률 조사는 불법 사행행위를 포함하고 있는 것인지 불명확하다.","https://imgnews.pstatic.net/image/117/2023/12/01/0003792148_002_20231201124701230.jpg?type=w647,https://imgnews.pstatic.net/image/117/2023/12/01/0003792148_001_20231201124701183.jpg?type=w647,https://imgnews.pstatic.net/image/117/2023/12/01/0003792148_003_20231201124701268.jpg?type=w647,https://imgnews.pstatic.net/image/410/2023/12/01/0000970648_001_20231201082801481.png?type=w647,https://imgnews.pstatic.net/image/410/2023/12/01/0000970648_002_20231201082801562.png?type=w647","https://sports.news.naver.com/news?oid=117&aid=0003792148,https://sports.news.naver.com/news?oid=410&aid=0000970648"
107,세계 빙상의 날…3일 롯데월드서 특별이벤트,"ISU는 매년 12월 첫 번째 일요일을 세계 빙상의 날로 지정했고, 세계 각국에선 빙상과 관련한 다양한 행사가 열린다.","https://imgnews.pstatic.net/image/425/2023/12/01/2023120113032405643a5b6bbcc6e11634136173_20231201130501423.jpg?type=w647,https://imgnews.pstatic.net/image/001/2023/12/01/AKR20231201062600007_01_i_P4_20231201104907627.jpg?type=w647","https://sports.news.naver.com/news?oid=425&aid=0000145781,https://sports.news.naver.com/news?oid=001&aid=0014365680"
107,"배우 이동욱·민호, '올림픽 프렌즈' 선정…강원유스올림픽 홍보","2024 강원 동계청소년올림픽대회 조직위는 1일 ""국제올림픽위원회(IOC)는 올림픽 가치를 전파하기 위해 이동욱과 민호를 올림픽프렌즈로 위촉했다""며 ""두 사람은 2024 강원 동계청소년올림픽을 적극적으로 홍보하게 될 것""이라고 전했다.","https://imgnews.pstatic.net/image/425/2023/12/01/2023120113093600726a5b6bbcc6e11634136173_20231201131201493.jpg?type=w647,https://imgnews.pstatic.net/image/425/2023/12/01/2023120113105406456a5b6bbcc6e11634136173_20231201131201519.jpg?type=w647,https://imgnews.pstatic.net/image/001/2023/12/01/PCM20221110000086005_P4_20231201112708459.jpg?type=w647,https://imgnews.pstatic.net/image/001/2023/12/01/PYH2019120211170001300_P4_20231201112708462.jpg?type=w647","https://sports.news.naver.com/news?oid=425&aid=0000145783,https://sports.news.naver.com/news?oid=001&aid=0014365811"
